/Users/danielshenmuan/PycharmProjects/nba_api/jobs/daily_ingest_local.py:181: DeprecationWarning: datetime.datetime.utcnow() is deprecated and scheduled for removal in a future version. Use timezone-aware objects to represent datetimes in UTC: datetime.datetime.now(datetime.UTC).
  target_date = (datetime.utcnow() - timedelta(days=1)).replace(
Fetching stats for 2025-11-11 across 6 games...
Retrieved 109 rows.
 game_date  game_id  player_id              player_name    team_id team_abbr     team_city team_name team_slug position comment jersey_num   minutes  fgm  fga  fg_pct  fg3m  fg3a  fg3_pct  ftm  fta  ft_pct  pts  reb  ast  stl  blk  turnovers  pf  dreb  oreb  plus_minus  z_score  season
2025-11-11 22500207    1627742           Brandon Ingram 1610612761       TOR       Toronto   Raptors   raptors        F                    32.700000    8   17   0.471     1     6    0.167    8    9   0.889   25    5    4    1    1          0   1     5     0          -1    7.016 2025-26
2025-11-11 22500207    1630567           Scottie Barnes 1610612761       TOR       Toronto   Raptors   raptors        F                    30.633333    6    9   0.667     0     1    0.000    3    3   1.000   15   11    5    1    1          2   5     9     2          10    5.661 2025-26
2025-11-11 22500207    1627751             Jakob Poeltl 1610612761       TOR       Toronto   Raptors   raptors        C                    29.600000    5    6   0.833     0     0    0.000    2    4   0.500   12   10    2    1    2          0   4     6     4          15    6.471 2025-26
2025-11-11 22500207    1629628               RJ Barrett 1610612761       TOR       Toronto   Raptors   raptors        G                    28.516667    6   21   0.286     0     7    0.000    1    1   1.000   13    4    6    0    0          1   2     1     3           7   -4.544 2025-26
2025-11-11 22500207    1630193        Immanuel Quickley 1610612761       TOR       Toronto   Raptors   raptors        G                    31.666667   10   17   0.588     3     8    0.375    1    2   0.500   24    8    5    2    0          1   2     6     2          20    9.337 2025-26
2025-11-11 22500207    1641711              Gradey Dick 1610612761       TOR       Toronto   Raptors   raptors                             19.783333    3    7   0.429     0     4    0.000    0    0   0.000    6    3    2    0    0          1   1     3     0           8   -5.895 2025-26
2025-11-11 22500207    1642266           Ja'Kobe Walter 1610612761       TOR       Toronto   Raptors   raptors                             15.133333    2    6   0.333     2     5    0.400    0    0   0.000    6    1    0    0    0          1   3     1     0           2   -5.870 2025-26
2025-11-11 22500207    1642347              Jamal Shead 1610612761       TOR       Toronto   Raptors   raptors                             17.783333    2    4   0.500     1     2    0.500    1    2   0.500    6    1    5    0    0          2   0     1     0          -4   -5.637 2025-26
2025-11-11 22500207    1642867     Collin Murray-Boyles 1610612761       TOR       Toronto   Raptors   raptors                             19.600000    2    2   1.000     1     1    1.000    4    4   1.000    9    4    1    0    0          0   5     2     2          -2   -1.502 2025-26
2025-11-11 22500207    1642419           Jamison Battle 1610612761       TOR       Toronto   Raptors   raptors                             13.100000    1    2   0.500     1     1    1.000    0    0   0.000    3    3    1    0    0          0   0     3     0           0   -4.348 2025-26
2025-11-11 22500207    1642367           Jonathan Mogbo 1610612761       TOR       Toronto   Raptors   raptors                              1.483333    0    0   0.000     0     0    0.000    0    0   0.000    0    0    0    0    0          0   0     0     0          -5   -7.526 2025-26
2025-11-11 22500207    1629008       Michael Porter Jr. 1610612751       BKN      Brooklyn      Nets      nets        F                    35.683333    5   14   0.357     1     6    0.167   10   10   1.000   21    6    3    0    0          3   3     5     1          -2   -1.717 2025-26
2025-11-11 22500207    1641730             Noah Clowney 1610612751       BKN      Brooklyn      Nets      nets        F                    34.700000    4    9   0.444     2     7    0.286    8    9   0.889   18    8    3    2    2          4   3     8     0          -8    7.812 2025-26
2025-11-11 22500207    1629651              Nic Claxton 1610612751       BKN      Brooklyn      Nets      nets        C                    35.466667    8   14   0.571     0     0    0.000    5    5   1.000   21    8    4    2    2          2   3     4     4          -1    9.957 2025-26
2025-11-11 22500207    1629611             Terance Mann 1610612751       BKN      Brooklyn      Nets      nets        G                    32.466667    3    8   0.375     1     1    1.000    2    2   1.000    9    3    4    0    0          1   3     2     1           1   -3.255 2025-26
2025-11-11 22500207    1642856               Egor Dëmin 1610612751       BKN      Brooklyn      Nets      nets        G                    27.516667    5   11   0.455     4     8    0.500    2    2   1.000   16    4    5    1    1          1   2     4     0          -4    6.964 2025-26
2025-11-11 22500207    1631213            Tyrese Martin 1610612751       BKN      Brooklyn      Nets      nets                             13.566667    0    1   0.000     0     1    0.000    0    0   0.000    0    1    1    0    0          0   1     1     0          -4   -6.936 2025-26
2025-11-11 22500207    1642962             Drake Powell 1610612751       BKN      Brooklyn      Nets      nets                             21.516667    2    6   0.333     2     4    0.500    0    0   0.000    6    1    3    2    0          1   2     1     0         -18    0.828 2025-26
2025-11-11 22500207    1630533          Ziaire Williams 1610612751       BKN      Brooklyn      Nets      nets                             17.000000    0    8   0.000     0     7    0.000    2    2   1.000    2    2    0    0    0          0   2     2     0         -18   -8.241 2025-26
2025-11-11 22500207    1630592             Jalen Wilson 1610612751       BKN      Brooklyn      Nets      nets                             15.583333    3    7   0.429     3     5    0.600    0    0   0.000    9    1    0    0    0          0   1     1     0         -11   -2.900 2025-26
2025-11-11 22500207    1642879                Ben Saraf 1610612751       BKN      Brooklyn      Nets      nets                              2.166667    1    1   1.000     0     0    0.000    0    0   0.000    2    1    1    0    0          0   0     0     1           5   -6.049 2025-26
2025-11-11 22500207    1642874               Danny Wolf 1610612751       BKN      Brooklyn      Nets      nets                              2.166667    0    0   0.000     0     0    0.000    2    2   1.000    2    1    0    0    0          0   0     1     0           5   -6.347 2025-26
2025-11-11 22500207    1630623            Tyson Etienne 1610612751       BKN      Brooklyn      Nets      nets                              2.166667    1    2   0.500     1     2    0.500    0    0   0.000    3    0    0    0    0          0   0     0     0           5   -6.022 2025-26
2025-11-11 22500208     203484 Kentavious Caldwell-Pope 1610612763       MEM       Memphis Grizzlies grizzlies        F                    15.200000    2    3   0.667     0     1    0.000    0    0   0.000    4    2    0    2    0          0   0     2     0         -19   -0.552 2025-26
2025-11-11 22500208    1628991        Jaren Jackson Jr. 1610612763       MEM       Memphis Grizzlies grizzlies        F                    29.666667    7   14   0.500     2     4    0.500    3    4   0.750   19    6    3    0    0          5   6     5     1           7   -4.593 2025-26
2025-11-11 22500208    1629111             Jock Landale 1610612763       MEM       Memphis Grizzlies grizzlies        C                    25.850000    4    7   0.571     0     2    0.000    0    0   0.000    8    8    1    0    1          1   4     7     1         -14   -1.277 2025-26
2025-11-11 22500208    1629630                Ja Morant 1610612763       MEM       Memphis Grizzlies grizzlies        G                    33.533333    4   14   0.286     2     6    0.333    6    6   1.000   16    3   10    0    0          8   3     3     0         -17   -6.698 2025-26
2025-11-11 22500208    1642377             Jaylen Wells 1610612763       MEM       Memphis Grizzlies grizzlies        G                    29.150000    7   11   0.636     4     7    0.571    0    0   0.000   18    3    4    2    0          1   1     3     0          -6    7.483 2025-26
2025-11-11 22500208    1630583             Santi Aldama 1610612763       MEM       Memphis Grizzlies grizzlies                             30.150000    8   10   0.800     1     3    0.333    2    4   0.500   19    7    3    0    0          0   2     7     0         -11    1.383 2025-26
2025-11-11 22500208    1642907            Cedric Coward 1610612763       MEM       Memphis Grizzlies grizzlies                             30.183333    3   10   0.300     0     5    0.000    5    6   0.833   11    3    5    2    2          2   1     2     1          -5    4.403 2025-26
2025-11-11 22500208    1631246       Vince Williams Jr. 1610612763       MEM       Memphis Grizzlies grizzlies                             24.283333    4    7   0.571     3     5    0.600    3    3   1.000   14    9    6    0    0          5   0     7     2           7   -0.670 2025-26
2025-11-11 22500208    1642285              Cam Spencer 1610612763       MEM       Memphis Grizzlies grizzlies                             18.783333    4    8   0.500     2     5    0.400    1    1   1.000   11    2    4    1    0          0   2     2     0          10    1.841 2025-26
2025-11-11 22500208    1629723             John Konchar 1610612763       MEM       Memphis Grizzlies grizzlies                              3.200000    0    0   0.000     0     0    0.000    0    0   0.000    0    1    0    0    0          0   1     1     0         -17   -7.128 2025-26
2025-11-11 22500208    1628384               OG Anunoby 1610612752       NYK      New York    Knicks    knicks        F                    35.566667    7   17   0.412     1    10    0.100    1    2   0.500   16    4    3    2    0          4   5     4     0          24   -1.779 2025-26
2025-11-11 22500208    1628969            Mikal Bridges 1610612752       NYK      New York    Knicks    knicks        F                    38.050000    8   17   0.471     3     9    0.333    3    4   0.750   22    7    5    4    0          0   0     3     4           1   14.393 2025-26
2025-11-11 22500208    1626157       Karl-Anthony Towns 1610612752       NYK      New York    Knicks    knicks        C                    31.666667    7   17   0.412     3     8    0.375    4    5   0.800   21   13    4    3    2          2   4     9     4           0   15.267 2025-26
2025-11-11 22500208    1628973            Jalen Brunson 1610612752       NYK      New York    Knicks    knicks        G                    36.133333   11   19   0.579     6     9    0.667    4    4   1.000   32    5   10    0    0          6   1     5     0          22    5.205 2025-26
2025-11-11 22500208    1629013            Landry Shamet 1610612752       NYK      New York    Knicks    knicks        G                    20.866667    3    5   0.600     2     4    0.500    2    2   1.000   10    1    0    1    0          0   4     0     1         -11   -0.107 2025-26
2025-11-11 22500208    1628404                Josh Hart 1610612752       NYK      New York    Knicks    knicks                             30.316667    2    7   0.286     1     3    0.333    3    3   1.000    8    4    8    2    0          1   4     4     0           6    4.112 2025-26
2025-11-11 22500208    1627824       Guerschon Yabusele 1610612752       NYK      New York    Knicks    knicks                             14.983333    1    3   0.333     0     1    0.000    0    0   0.000    2    6    1    0    0          0   0     5     1          13   -4.631 2025-26
2025-11-11 22500208    1630540            Miles McBride 1610612752       NYK      New York    Knicks    knicks                             15.650000    3    6   0.500     3     6    0.500    0    0   0.000    9    1    2    0    0          0   0     1     0           2   -1.658 2025-26
2025-11-11 22500208     203903          Jordan Clarkson 1610612752       NYK      New York    Knicks    knicks                             16.766667    5    7   0.714     3     5    0.600    0    0   0.000   13    3    2    0    0          1   3     3     0           8   -0.553 2025-26
2025-11-11 22500209    1627759             Jaylen Brown 1610612738       BOS        Boston   Celtics   celtics        F                    35.166667    8   18   0.444     1     3    0.333    7    8   0.875   24    6    5    0    0          2   2     5     1          -5   -0.001 2025-26
2025-11-11 22500209    1631169              Josh Minott 1610612738       BOS        Boston   Celtics   celtics        F                     8.266667    1    1   1.000     1     1    1.000    0    0   0.000    3    1    0    0    0          0   3     1     0         -10   -5.337 2025-26
2025-11-11 22500209    1629674            Neemias Queta 1610612738       BOS        Boston   Celtics   celtics        C                    28.666667    4    8   0.500     0     1    0.000    0    0   0.000    8   10    2    0    2          2   2     6     4           1    0.759 2025-26
2025-11-11 22500209    1630202         Payton Pritchard 1610612738       BOS        Boston   Celtics   celtics        G                    31.383333    2    9   0.222     1     5    0.200    0    0   0.000    5    3    3    1    0          1   2     2     1          -9   -3.057 2025-26
2025-11-11 22500209    1628401            Derrick White 1610612738       BOS        Boston   Celtics   celtics        G                    35.016667    7   20   0.350     4    11    0.364    0    1   0.000   18    5    7    0    2          2   2     5     0           0    4.387 2025-26
2025-11-11 22500209    1629014          Anfernee Simons 1610612738       BOS        Boston   Celtics   celtics                             25.950000    5   15   0.333     3     8    0.375    4    4   1.000   17    4    5    0    0          2   1     4     0          12   -0.629 2025-26
2025-11-11 22500209    1630573               Sam Hauser 1610612738       BOS        Boston   Celtics   celtics                             21.133333    1    5   0.200     1     4    0.250    0    0   0.000    3    7    0    0    0          0   0     7     0           5   -4.093 2025-26
2025-11-11 22500209    1630568               Luka Garza 1610612738       BOS        Boston   Celtics   celtics                             19.333333    3    7   0.429     0     1    0.000    3    4   0.750    9    8    0    0    0          0   1     4     4          -3   -3.269 2025-26
2025-11-11 22500209    1641775             Jordan Walsh 1610612738       BOS        Boston   Celtics   celtics                             29.300000    3    7   0.429     1     3    0.333    1    2   0.500    8    7    1    2    2          0   2     5     2           4    6.929 2025-26
2025-11-11 22500209    1642864            Hugo González 1610612738       BOS        Boston   Celtics   celtics                              5.783333    2    2   1.000     1     1    1.000    0    0   0.000    5    2    0    1    0          1   2     1     1          -5   -2.884 2025-26
2025-11-11 22500209    1630570          Trendon Watford 1610612755       PHI  Philadelphia     76ers    sixers        F                    21.383333    3   10   0.300     1     3    0.333    0    0   0.000    7    2    1    0    0          1   3     2     0          -7   -6.443 2025-26
2025-11-11 22500209    1626162          Kelly Oubre Jr. 1610612755       PHI  Philadelphia     76ers    sixers        F                    30.816667    5   11   0.455     0     5    0.000    2    2   1.000   12    7    0    0    0          2   5     5     2          -5   -5.027 2025-26
2025-11-11 22500209     203083           Andre Drummond 1610612755       PHI  Philadelphia     76ers    sixers        C                    33.333333    6   11   0.545     0     2    0.000    2    3   0.667   14   13    0    0    1          0   1     9     4          10    2.064 2025-26
2025-11-11 22500209    1642845             VJ Edgecombe 1610612755       PHI  Philadelphia     76ers    sixers        G                    34.650000    2   11   0.182     2     6    0.333    0    0   0.000    6    3    3    0    2          0   1     3     0          10    0.552 2025-26
2025-11-11 22500209    1630178             Tyrese Maxey 1610612755       PHI  Philadelphia     76ers    sixers        G                    33.650000    5   17   0.294     3     6    0.500    8    8   1.000   21    5    9    1    0          0   3     5     0          -6    7.658 2025-26
2025-11-11 22500209    1629656           Quentin Grimes 1610612755       PHI  Philadelphia     76ers    sixers                             27.833333    6   10   0.600     3     6    0.500    3    3   1.000   18    6    4    0    1          4   2     6     0           0    1.491 2025-26
2025-11-11 22500209    1641737                Adem Bona 1610612755       PHI  Philadelphia     76ers    sixers                             14.550000    1    1   1.000     0     0    0.000    0    2   0.000    2    4    0    0    2          0   0     4     0          -8   -2.400 2025-26
2025-11-11 22500209    1642272             Jared McCain 1610612755       PHI  Philadelphia     76ers    sixers                              6.800000    0    2   0.000     0     0    0.000    0    0   0.000    0    1    1    0    0          1   1     1     0           1   -8.399 2025-26
2025-11-11 22500209    1642348           Justin Edwards 1610612755       PHI  Philadelphia     76ers    sixers                             26.650000    8    9   0.889     5     6    0.833    1    1   1.000   22    3    3    1    0          1   3     1     2          12    7.417 2025-26
2025-11-11 22500209    1631133            Jabari Walker 1610612755       PHI  Philadelphia     76ers    sixers                             10.350000    0    2   0.000     0     2    0.000    0    0   0.000    0    0    3    0    0          0   3     0     0           3   -6.664 2025-26
2025-11-11 22500210    1630228         Jonathan Kuminga 1610612744       GSW  Golden State  Warriors  warriors        F                    23.716667    6    9   0.667     0     0    0.000    1    2   0.500   13    3    4    0    1          5   0     3     0         -20   -5.702 2025-26
2025-11-11 22500210     203110           Draymond Green 1610612744       GSW  Golden State  Warriors  warriors        F                    21.916667    1    4   0.250     1     3    0.333    0    0   0.000    3    2    4    1    0          3   4     2     0         -21   -4.782 2025-26
2025-11-11 22500210    1642366             Quinten Post 1610612744       GSW  Golden State  Warriors  warriors        C                    16.583333    2    6   0.333     2     6    0.333    0    0   0.000    6    3    2    0    1          1   1     3     0           1   -1.894 2025-26
2025-11-11 22500210     202710         Jimmy Butler III 1610612744       GSW  Golden State  Warriors  warriors        G                    22.166667    2    3   0.667     0     1    0.000    8    8   1.000   12    3    2    3    0          1   0     2     1         -15    5.381 2025-26
2025-11-11 22500210     201939            Stephen Curry 1610612744       GSW  Golden State  Warriors  warriors        G                    19.983333    4   13   0.308     1     5    0.200    2    3   0.667   11    1    0    1    0          1   5     1     0         -23   -4.634 2025-26
2025-11-11 22500210    1641764       Brandin Podziemski 1610612744       GSW  Golden State  Warriors  warriors                             20.566667    3    6   0.500     2     2    1.000    2    2   1.000   10    4    1    3    0          0   5     4     0         -21    6.543 2025-26
2025-11-11 22500210    1630541              Moses Moody 1610612744       GSW  Golden State  Warriors  warriors                             20.100000    3    6   0.500     2     4    0.500    2    2   1.000   10    0    0    1    1          1   0     0     0         -25    0.253 2025-26
2025-11-11 22500210    1627741              Buddy Hield 1610612744       GSW  Golden State  Warriors  warriors                             11.666667    1    3   0.333     0     2    0.000    2    3   0.667    4    0    4    2    0          2   2     0     0         -11   -2.650 2025-26
2025-11-11 22500210    1631218     Trayce Jackson-Davis 1610612744       GSW  Golden State  Warriors  warriors                             22.333333    2    4   0.500     0     0    0.000    2    4   0.500    6    6    1    0    1          6   4     4     2         -12   -9.599 2025-26
2025-11-11 22500210    1642954             Will Richard 1610612744       GSW  Golden State  Warriors  warriors                             22.016667    3    6   0.500     3     5    0.600    0    1   0.000    9    0    1    1    0          0   4     0     0          -4   -0.660 2025-26
2025-11-11 22500210    1627780           Gary Payton II 1610612744       GSW  Golden State  Warriors  warriors                             14.966667    1    3   0.333     0     2    0.000    0    0   0.000    2    6    3    2    0          0   0     6     0           9    1.589 2025-26
2025-11-11 22500210    1630611               Gui Santos 1610612744       GSW  Golden State  Warriors  warriors                             12.000000    2    3   0.667     0     1    0.000    0    0   0.000    4    3    0    1    0          0   1     1     2          11   -2.786 2025-26
2025-11-11 22500210    1630311              Pat Spencer 1610612744       GSW  Golden State  Warriors  warriors                             12.000000    3    8   0.375     2     4    0.500    4    4   1.000   12    1    1    1    0          0   2     0     1          11    0.292 2025-26
2025-11-11 22500210    1641717            Cason Wallace 1610612760       OKC Oklahoma City   Thunder   thunder        F                    20.750000    1    5   0.200     1     3    0.333    0    0   0.000    3    1    2    0    0          1   3     0     1          25   -6.703 2025-26
2025-11-11 22500210    1631096            Chet Holmgren 1610612760       OKC Oklahoma City   Thunder   thunder        F                    24.650000    9    9   1.000     2     2    1.000    3    3   1.000   23   11    2    0    1          2   3    10     1          23    6.634 2025-26
2025-11-11 22500210    1628392       Isaiah Hartenstein 1610612760       OKC Oklahoma City   Thunder   thunder        C                    19.550000    4    5   0.800     0     0    0.000    0    0   0.000    8    7    2    0    1          3   2     3     4          13   -2.975 2025-26
2025-11-11 22500210    1642349            Ajay Mitchell 1610612760       OKC Oklahoma City   Thunder   thunder        G                    30.900000    6   13   0.462     2     4    0.500    3    4   0.750   17    3    2    1    1          1   3     3     0           6    2.697 2025-26
2025-11-11 22500210    1628983  Shai Gilgeous-Alexander 1610612760       OKC Oklahoma City   Thunder   thunder        G                    28.483333    9   19   0.474     3     6    0.500    7    8   0.875   28    5   11    3    1          2   2     4     1          25   15.578 2025-26
2025-11-11 22500210    1631119          Jaylin Williams 1610612760       OKC Oklahoma City   Thunder   thunder                             30.050000    4    7   0.571     2     5    0.400    2    3   0.667   12    6    5    1    0          2   2     5     1          10    1.481 2025-26
2025-11-11 22500210    1630198               Isaiah Joe 1610612760       OKC Oklahoma City   Thunder   thunder                             29.116667    4   11   0.364     3     9    0.333    7    7   1.000   18    1    1    0    0          3   4     1     0           8   -3.478 2025-26
2025-11-11 22500210    1642964         Brooks Barnhizer 1610612760       OKC Oklahoma City   Thunder   thunder                             15.600000    1    2   0.500     0     0    0.000    2    4   0.500    4    3    0    1    0          0   0     2     1         -15   -4.117 2025-26
2025-11-11 22500210    1627936              Alex Caruso 1610612760       OKC Oklahoma City   Thunder   thunder                             15.266667    3    6   0.500     2     3    0.667    0    0   0.000    8    2    3    5    0          3   1     2     0          25    7.656 2025-26
2025-11-11 22500210    1631172            Ousmane Dieng 1610612760       OKC Oklahoma City   Thunder   thunder                             20.250000    1    5   0.200     1     3    0.333    2    2   1.000    5    1    0    0    0          2   0     0     1          -4   -8.056 2025-26
2025-11-11 22500210    1642959         Chris Youngblood 1610612760       OKC Oklahoma City   Thunder   thunder                              5.400000    0    1   0.000     0     1    0.000    0    0   0.000    0    0    1    1    0          0   1     0     0           4   -4.703 2025-26
2025-11-11 22500211    1627783            Pascal Siakam 1610612754       IND       Indiana    Pacers    pacers        F                    35.083333    9   16   0.563     2     4    0.500    7    7   1.000   27    5    4    0    1          2   3     3     2         -10    4.760 2025-26
2025-11-11 22500211    1630526   Jeremiah Robinson-Earl 1610612754       IND       Indiana    Pacers    pacers        F                    21.750000    2    4   0.500     0     2    0.000    2    2   1.000    6    4    3    1    0          0   3     1     3          -8   -0.458 2025-26
2025-11-11 22500211    1628396             Tony Bradley 1610612754       IND       Indiana    Pacers    pacers        C                    19.633333    4    6   0.667     0     0    0.000    0    0   0.000    8    1    2    0    0          0   2     0     1          -6   -4.343 2025-26
2025-11-11 22500211    1630174            Aaron Nesmith 1610612754       IND       Indiana    Pacers    pacers        G                    31.883333    5   14   0.357     4     9    0.444    3    3   1.000   17    4    7    1    1          0   3     3     1         -10    8.624 2025-26
2025-11-11 22500211    1629614          Andrew Nembhard 1610612754       IND       Indiana    Pacers    pacers        G                    29.516667    9   15   0.600     3     6    0.500    4    4   1.000   25    2    7    0    0          1   5     1     1          -8    4.256 2025-26
2025-11-11 22500211    1630543           Isaiah Jackson 1610612754       IND       Indiana    Pacers    pacers                             22.616667    6    9   0.667     0     0    0.000    0    0   0.000   12   10    2    2    0          1   5     5     5         -12    4.243 2025-26
2025-11-11 22500211     204456           T.J. McConnell 1610612754       IND       Indiana    Pacers    pacers                             11.433333    6   12   0.500     0     2    0.000    0    0   0.000   12    1    1    0    0          0   1     1     0         -15   -4.770 2025-26
2025-11-11 22500211    1641767             Ben Sheppard 1610612754       IND       Indiana    Pacers    pacers                             17.033333    2    5   0.400     0     3    0.000    0    0   0.000    4    2    0    1    0          0   2     1     1         -11   -3.758 2025-26
2025-11-11 22500211    1641716            Jarace Walker 1610612754       IND       Indiana    Pacers    pacers                             22.116667    1    8   0.125     0     5    0.000    9    9   1.000   11    1    0    1    1          3   1     1     0         -20   -3.697 2025-26
2025-11-11 22500211    1630643                 Jay Huff 1610612754       IND       Indiana    Pacers    pacers                             11.133333    1    5   0.200     1     5    0.200    0    2   0.000    3    3    0    0    2          0   1     2     1         -14   -2.754 2025-26
2025-11-11 22500211    1628420             Monté Morris 1610612754       IND       Indiana    Pacers    pacers                             12.383333    1    5   0.200     0     1    0.000    0    0   0.000    2    1    3    0    1          1   0     1     0          -7   -5.193 2025-26
2025-11-11 22500211    1628998              Cody Martin 1610612754       IND       Indiana    Pacers    pacers                              5.416667    0    0   0.000     0     0    0.000    1    2   0.500    1    1    0    0    0          0   0     1     0           1   -7.493 2025-26
2025-11-11 22500211    1629004           Svi Mykhailiuk 1610612762       UTA          Utah      Jazz      jazz        F                    27.283333    8   10   0.800     3     5    0.600    1    1   1.000   20    4    4    0    1          1   1     3     1           9    5.216 2025-26
2025-11-11 22500211    1628374          Lauri Markkanen 1610612762       UTA          Utah      Jazz      jazz        F                    34.566667   13   19   0.684     5     7    0.714    4    5   0.800   35    3    2    0    1          0   4     0     3          12    9.684 2025-26
2025-11-11 22500211     203994             Jusuf Nurkić 1610612762       UTA          Utah      Jazz      jazz        C                    30.733333    3    6   0.500     0     0    0.000    5    6   0.833   11   11    4    0    0          3   3     8     3          15   -2.626 2025-26
2025-11-11 22500211    1642846               Ace Bailey 1610612762       UTA          Utah      Jazz      jazz        G                    25.583333    7   13   0.538     4     8    0.500    2    2   1.000   20    4    1    0    0          1   3     1     3           9    1.389 2025-26
2025-11-11 22500211    1641718           Keyonte George 1610612762       UTA          Utah      Jazz      jazz        G                    26.733333    3   12   0.250     0     3    0.000    4    4   1.000   10    5    7    0    0          3   5     3     2          -2   -4.933 2025-26
2025-11-11 22500211    1642268           Isaiah Collier 1610612762       UTA          Utah      Jazz      jazz                             26.916667    5    6   0.833     1     2    0.500    3    4   0.750   14    6   11    0    1          2   4     6     0          24    4.314 2025-26
2025-11-11 22500211    1641729         Brice Sensabaugh 1610612762       UTA          Utah      Jazz      jazz                             15.966667    6   11   0.545     4     9    0.444    0    0   0.000   16    4    1    2    0          1   0     4     0          14    5.559 2025-26
2025-11-11 22500211    1642262            Cody Williams 1610612762       UTA          Utah      Jazz      jazz                             18.633333    1    4   0.250     0     2    0.000    0    0   0.000    2    1    2    1    0          0   3     1     0          14   -3.799 2025-26
2025-11-11 22500211    1642271          Kyle Filipowski 1610612762       UTA          Utah      Jazz      jazz                             20.200000    4    8   0.500     1     3    0.333    7    8   0.875   16    7    3    0    0          1   2     6     1          15   -0.058 2025-26
2025-11-11 22500211    1642383       Walter Clayton Jr. 1610612762       UTA          Utah      Jazz      jazz                             12.150000    1    3   0.333     1     3    0.333    5    5   1.000    8    0    3    0    0          2   2     0     0           7   -5.275 2025-26
2025-11-11 22500211    1641989          Elijah Harkless 1610612762       UTA          Utah      Jazz      jazz                              1.233333    0    0   0.000     0     0    0.000    0    0   0.000    0    0    0    0    0          0   0     0     0           3   -7.526 2025-26
Dropping columns not present in fantasy-survivor-app:nba_data.player_daily_game_stats_p: ['comment', 'jersey_num', 'plus_minus', 'position', 'team_abbr', 'team_city', 'team_id', 'team_name', 'team_slug']
Loaded 109 rows into fantasy-survivor-app.nba_data.player_daily_game_stats_p.
Dropping columns not present in fantasy-survivor-app:nba_data.player_daily_game_stats: ['comment', 'jersey_num', 'plus_minus', 'position', 'team_abbr', 'team_city', 'team_id', 'team_name', 'team_slug']
Loaded 109 rows into fantasy-survivor-app.nba_data.player_daily_game_stats.
Refreshed league_pg_stats_by_season ✅
/Users/danielshenmuan/PycharmProjects/nba_api/jobs/daily_ingest_local.py:181: DeprecationWarning: datetime.datetime.utcnow() is deprecated and scheduled for removal in a future version. Use timezone-aware objects to represent datetimes in UTC: datetime.datetime.now(datetime.UTC).
  target_date = (datetime.utcnow() - timedelta(days=1)).replace(
Fetching stats for 2025-11-12 across 12 games...
Retrieved 256 rows.
 game_date  game_id  player_id              player_name    team_id team_abbr     team_city     team_name team_slug position comment jersey_num   minutes  fgm  fga  fg_pct  fg3m  fg3a  fg3_pct  ftm  fta  ft_pct  pts  reb  ast  stl  blk  turnovers  pf  dreb  oreb  plus_minus  z_score  season
2025-11-12 22500213    1629018           Gary Trent Jr. 1610612749       MIL     Milwaukee         Bucks     bucks        F                    29.283333    1    5   0.200     0     2    0.000    0    0   0.000    2    0    4    1    0          1   1     0     0         -25   -4.704 2025-26
2025-11-12 22500213    1628398               Kyle Kuzma 1610612749       MIL     Milwaukee         Bucks     bucks        F                    29.733333    3   12   0.250     0     2    0.000    2    4   0.500    8    3    4    1    1          1   2     2     1         -12   -2.251 2025-26
2025-11-12 22500213    1626167             Myles Turner 1610612749       MIL     Milwaukee         Bucks     bucks        C                    28.850000    7   14   0.500     3     8    0.375    4    5   0.800   21    3    2    2    2          1   3     1     2         -11    9.728 2025-26
2025-11-12 22500213    1631260                 AJ Green 1610612749       MIL     Milwaukee         Bucks     bucks        G                    26.850000    1    4   0.250     1     3    0.333    0    0   0.000    3    3    2    0    0          0   2     3     0          -9   -4.443 2025-26
2025-11-12 22500213    1631157             Ryan Rollins 1610612749       MIL     Milwaukee         Bucks     bucks        G                    31.766667   10   15   0.667     4     6    0.667    1    2   0.500   25    5    6    1    0          2   3     3     2          -5    6.582 2025-26
2025-11-12 22500213    1626171             Bobby Portis 1610612749       MIL     Milwaukee         Bucks     bucks                             23.183333    7   12   0.583     0     1    0.000    0    0   0.000   14    8    1    0    0          2   3     5     3          -6   -3.450 2025-26
2025-11-12 22500213    1630579             Jericho Sims 1610612749       MIL     Milwaukee         Bucks     bucks                             17.983333    1    2   0.500     0     0    0.000    0    0   0.000    2    7    2    0    0          1   1     5     2          -8   -4.643 2025-26
2025-11-12 22500213    1630175             Cole Anthony 1610612749       MIL     Milwaukee         Bucks     bucks                             15.000000    2   12   0.167     0     2    0.000    0    0   0.000    4    2    3    0    0          0   2     2     0         -18   -6.958 2025-26
2025-11-12 22500213    1629599              Amir Coffey 1610612749       MIL     Milwaukee         Bucks     bucks                             11.633333    1    3   0.333     0     0    0.000    0    0   0.000    2    1    0    0    0          0   1     1     0          -7   -7.102 2025-26
2025-11-12 22500213    1641813               Mark Sears 1610612749       MIL     Milwaukee         Bucks     bucks                              5.866667    2    3   0.667     2     3    0.667    1    2   0.500    7    0    1    0    0          1   1     0     0           7   -5.294 2025-26
2025-11-12 22500213     203914              Gary Harris 1610612749       MIL     Milwaukee         Bucks     bucks                              5.683333    0    0   0.000     0     0    0.000    0    0   0.000    0    0    1    1    0          0   0     0     0           9   -4.416 2025-26
2025-11-12 22500213    1641748        Andre Jackson Jr. 1610612749       MIL     Milwaukee         Bucks     bucks                              5.683333    0    0   0.000     0     0    0.000    0    0   0.000    0    1    3    0    1          0   2     1     0           9   -3.470 2025-26
2025-11-12 22500213    1631250               Pete Nance 1610612749       MIL     Milwaukee         Bucks     bucks                              4.316667    4    5   0.800     2     3    0.667    0    0   0.000   10    1    0    0    0          0   0     1     0          11   -2.633 2025-26
2025-11-12 22500213     203648   Thanasis Antetokounmpo 1610612749       MIL     Milwaukee         Bucks     bucks                              4.166667    1    1   1.000     0     0    0.000    0    0   0.000    2    0    0    0    2          0   1     0     0          10   -2.482 2025-26
2025-11-12 22500213    1642851             Kon Knueppel 1610612766       CHA     Charlotte       Hornets   hornets        F                    34.300000    5   13   0.385     3     8    0.375    3    4   0.750   16    6    1    0    0          3   1     6     0           6   -3.489 2025-26
2025-11-12 22500213    1628970            Miles Bridges 1610612766       CHA     Charlotte       Hornets   hornets        F                    32.800000    7   19   0.368     2    10    0.200    4    4   1.000   20    6    6    1    0          3   2     5     1          15    1.535 2025-26
2025-11-12 22500213    1641750         Ryan Kalkbrenner 1610612766       CHA     Charlotte       Hornets   hornets        C                    26.516667    8    8   1.000     0     0    0.000    1    1   1.000   17    9    0    1    3          0   3     5     4          17   10.547 2025-26
2025-11-12 22500213    1642883               Sion James 1610612766       CHA     Charlotte       Hornets   hornets        G                    29.750000    1    5   0.200     0     1    0.000    2    2   1.000    4    2    1    0    0          0   1     2     0          18   -6.017 2025-26
2025-11-12 22500213    1629012            Collin Sexton 1610612766       CHA     Charlotte       Hornets   hornets        G                    31.533333    5   14   0.357     1     5    0.200    5    6   0.833   16    5    8    2    0          3   1     5     0          29    2.831 2025-26
2025-11-12 22500213    1642354               KJ Simpson 1610612766       CHA     Charlotte       Hornets   hornets                              9.016667    1    4   0.250     0     2    0.000    0    0   0.000    2    2    2    0    0          0   0     2     0         -11   -6.032 2025-26
2025-11-12 22500213    1631217           Moussa Diabaté 1610612766       CHA     Charlotte       Hornets   hornets                             23.166667    1    3   0.333     0     0    0.000    5    6   0.833    7   13    2    1    1          1   2     5     8          -8    3.507 2025-26
2025-11-12 22500213    1630544                 Tre Mann 1610612766       CHA     Charlotte       Hornets   hornets                             25.416667    5   10   0.500     3     7    0.429    0    0   0.000   13    1    3    0    1          3   3     1     0          -6   -1.861 2025-26
2025-11-12 22500213    1642862            Liam McNeeley 1610612766       CHA     Charlotte       Hornets   hornets                             11.916667    1    4   0.250     1     3    0.333    2    2   1.000    5    3    2    0    0          0   1     2     1           5   -3.662 2025-26
2025-11-12 22500213    1626192          Pat Connaughton 1610612766       CHA     Charlotte       Hornets   hornets                             11.266667    4    6   0.667     2     4    0.500    1    2   0.500   11    2    2    0    0          0   1     2     0           1   -1.929 2025-26
2025-11-12 22500213     203486            Mason Plumlee 1610612766       CHA     Charlotte       Hornets   hornets                              4.316667    0    0   0.000     0     0    0.000    0    0   0.000    0    1    0    0    0          0   0     0     1         -11   -7.128 2025-26
2025-11-12 22500214    1630171              Isaac Okoro 1610612741       CHI       Chicago         Bulls     bulls        F                    31.733333    5    7   0.714     2     2    1.000    3    4   0.750   15    4    2    0    3          1   2     2     2          -5    5.736 2025-26
2025-11-12 22500214    1641824            Matas Buzelis 1610612741       CHI       Chicago         Bulls     bulls        F                    33.950000    7   14   0.500     2     5    0.400    5    5   1.000   21   14    2    0    2          4   2    12     2           0    5.273 2025-26
2025-11-12 22500214     202696           Nikola Vučević 1610612741       CHI       Chicago         Bulls     bulls        C                    25.483333    3   10   0.300     0     4    0.000    0    0   0.000    6    6    3    0    0          3   1     5     1         -10   -7.436 2025-26
2025-11-12 22500214    1628989            Kevin Huerter 1610612741       CHI       Chicago         Bulls     bulls        G                    27.200000   10   17   0.588     0     4    0.000    0    1   0.000   20    2    2    2    0          2   5     1     1          -5    0.371 2025-26
2025-11-12 22500214    1630200                Tre Jones 1610612741       CHI       Chicago         Bulls     bulls        G                    30.300000    3    6   0.500     0     0    0.000    5    8   0.625   11    2    5    3    0          2   1     2     0         -12    1.828 2025-26
2025-11-12 22500214    1630172         Patrick Williams 1610612741       CHI       Chicago         Bulls     bulls                             23.533333    3    8   0.375     0     4    0.000    1    2   0.500    7    5    1    1    1          3   2     1     4          -9   -3.730 2025-26
2025-11-12 22500214    1630245              Ayo Dosunmu 1610612741       CHI       Chicago         Bulls     bulls                             21.933333    4   12   0.333     2     6    0.333    2    2   1.000   12    3    2    2    0          4   3     3     0          -3   -1.550 2025-26
2025-11-12 22500214    1631207              Dalen Terry 1610612741       CHI       Chicago         Bulls     bulls                             10.416667    0    0   0.000     0     0    0.000    1    4   0.250    1    1    1    1    0          1   0     1     0           3   -7.072 2025-26
2025-11-12 22500214    1628975             Jevon Carter 1610612741       CHI       Chicago         Bulls     bulls                             17.466667    3    4   0.750     3     3    1.000    2    2   1.000   11    2    3    2    0          1   0     1     1          -5    4.659 2025-26
2025-11-12 22500214    1630188              Jalen Smith 1610612741       CHI       Chicago         Bulls     bulls                             13.900000    3    8   0.375     3     5    0.600    0    0   0.000    9    4    0    0    0          0   2     3     1          -7   -1.993 2025-26
2025-11-12 22500214    1641763          Julian Phillips 1610612741       CHI       Chicago         Bulls     bulls                              4.083333    0    0   0.000     0     0    0.000    0    0   0.000    0    1    0    0    0          0   0     1     0          -2   -7.128 2025-26
2025-11-12 22500214    1641842        Ronald Holland II 1610612765       DET       Detroit       Pistons   pistons        F                    28.483333    4   11   0.364     1     3    0.333    0    0   0.000    9    6    1    3    0          2   2     6     0          14    2.471 2025-26
2025-11-12 22500214    1629750            Javonte Green 1610612765       DET       Detroit       Pistons   pistons        F                    32.050000    3    7   0.429     0     2    0.000    3    7   0.429    9    4    0    1    0          3   2     3     1          16   -8.026 2025-26
2025-11-12 22500214    1630194                Paul Reed 1610612765       DET       Detroit       Pistons   pistons        C                    30.750000   11   13   0.846     2     2    1.000    4    4   1.000   28   13    6    4    1          4   3     7     6          26   18.533 2025-26
2025-11-12 22500214    1629130          Duncan Robinson 1610612765       DET       Detroit       Pistons   pistons        G                    28.416667    8   13   0.615     7    10    0.700    0    0   0.000   23    2    1    1    0          1   6     2     0          20    6.903 2025-26
2025-11-12 22500214    1642450           Daniss Jenkins 1610612765       DET       Detroit       Pistons   pistons        G                    40.116667    9   19   0.474     0     2    0.000    0    0   0.000   18    4   12    2    0          3   3     2     2           5    4.079 2025-26
2025-11-12 22500214    1642449               Tolu Smith 1610612765       DET       Detroit       Pistons   pistons                             16.183333    3    4   0.750     0     0    0.000    0    0   0.000    6    7    2    0    1          0   2     5     2         -14   -0.045 2025-26
2025-11-12 22500214    1642404              Chaz Lanier 1610612765       DET       Detroit       Pistons   pistons                             18.333333    1    4   0.250     1     4    0.250    3    3   1.000    6    1    1    0    0          0   2     1     0          -4   -4.547 2025-26
2025-11-12 22500214    1627747             Caris LeVert 1610612765       DET       Detroit       Pistons   pistons                             21.900000    8   11   0.727     0     1    0.000    1    2   0.500   17    1    5    1    2          3   2     1     0           3    2.382 2025-26
2025-11-12 22500214    1641752            Bobi Klintman 1610612765       DET       Detroit       Pistons   pistons                             13.850000    2    7   0.286     2     6    0.333    0    0   0.000    6    6    1    0    0          2   3     6     0         -11   -4.860 2025-26
2025-11-12 22500214    1631111        Wendell Moore Jr. 1610612765       DET       Detroit       Pistons   pistons                              9.916667    1    1   1.000     0     0    0.000    0    0   0.000    2    0    1    1    1          0   0     0     0           0   -1.594 2025-26
2025-11-12 22500215    1631094           Paolo Banchero 1610612753       ORL       Orlando         Magic     magic        F                    12.000000    1    4   0.250     0     0    0.000    2    2   1.000    4    4    2    1    1          1   0     3     1           9   -0.777 2025-26
2025-11-12 22500215    1630532             Franz Wagner 1610612753       ORL       Orlando         Magic     magic        F                    36.816667   10   22   0.455     2     7    0.286    6    8   0.750   28    9    4    2    1          0   2     8     1          21   11.236 2025-26
2025-11-12 22500215    1628976       Wendell Carter Jr. 1610612753       ORL       Orlando         Magic     magic        C                    31.416667    6    8   0.750     1     2    0.500    0    0   0.000   13    8    2    0    0          4   4     5     3          -3   -3.871 2025-26
2025-11-12 22500215    1630217             Desmond Bane 1610612753       ORL       Orlando         Magic     magic        G                    33.916667    7   15   0.467     3     6    0.500    5    5   1.000   22    6    8    0    0          3   4     5     1          13    2.596 2025-26
2025-11-12 22500215    1630591              Jalen Suggs 1610612753       ORL       Orlando         Magic     magic        G                    26.383333    4   10   0.400     1     5    0.200    5    6   0.833   14    2    3    1    1          2   4     1     1          10    0.271 2025-26
2025-11-12 22500215    1626145               Tyus Jones 1610612753       ORL       Orlando         Magic     magic                             13.016667    0    2   0.000     0     0    0.000    0    0   0.000    0    1    3    2    0          0   1     1     0          -3   -1.002 2025-26
2025-11-12 22500215    1641710            Anthony Black 1610612753       ORL       Orlando         Magic     magic                             23.150000    7   11   0.636     3     5    0.600    0    0   0.000   17    3    3    2    1          2   2     2     1           3    6.860 2025-26
2025-11-12 22500215    1641783         Tristan da Silva 1610612753       ORL       Orlando         Magic     magic                             22.183333    3    5   0.600     1     3    0.333    1    2   0.500    8    5    2    0    0          1   2     4     1          22   -3.702 2025-26
2025-11-12 22500215    1629048             Goga Bitadze 1610612753       ORL       Orlando         Magic     magic                             16.250000    2    2   1.000     0     0    0.000    6    6   1.000   10    3    0    1    0          1   2     2     1          23   -1.334 2025-26
2025-11-12 22500215    1628371           Jonathan Isaac 1610612753       ORL       Orlando         Magic     magic                             16.450000    0    3   0.000     0     2    0.000    3    4   0.750    3    5    0    1    0          0   2     4     1          -9   -3.347 2025-26
2025-11-12 22500215    1641724              Jett Howard 1610612753       ORL       Orlando         Magic     magic                              4.683333    2    4   0.500     1     3    0.333    0    0   0.000    5    0    0    0    0          0   0     0     0          -1   -5.709 2025-26
2025-11-12 22500215    1642869               Noah Penda 1610612753       ORL       Orlando         Magic     magic                              1.866667    0    0   0.000     0     0    0.000    0    0   0.000    0    3    1    0    0          1   0     2     1           0   -7.029 2025-26
2025-11-12 22500215    1642859          Jase Richardson 1610612753       ORL       Orlando         Magic     magic                              1.866667    0    0   0.000     0     0    0.000    0    0   0.000    0    0    1    0    0          0   0     0     0           0   -7.048 2025-26
2025-11-12 22500215    1628384               OG Anunoby 1610612752       NYK      New York        Knicks    knicks        F                    33.933333    2    4   0.500     2     4    0.500    2    2   1.000    8    4    1    1    2          3   3     4     0           1    1.882 2025-26
2025-11-12 22500215    1626157       Karl-Anthony Towns 1610612752       NYK      New York        Knicks    knicks        F                    34.516667    6   15   0.400     1     4    0.250    2    2   1.000   15   12    4    1    0          2   5    10     2          -2    2.438 2025-26
2025-11-12 22500215    1629011        Mitchell Robinson 1610612752       NYK      New York        Knicks    knicks        C                    17.200000    1    2   0.500     0     0    0.000    0    0   0.000    2    8    0    0    0          0   4     3     5         -11   -4.026 2025-26
2025-11-12 22500215    1628969            Mikal Bridges 1610612752       NYK      New York        Knicks    knicks        G                    28.000000    3    9   0.333     0     3    0.000    0    0   0.000    6    2    2    2    0          0   2     2     0         -19   -0.431 2025-26
2025-11-12 22500215    1628973            Jalen Brunson 1610612752       NYK      New York        Knicks    knicks        G                    36.916667   10   23   0.435     1     4    0.250   10   13   0.769   31    3    6    0    0          2   6     2     1         -20   -0.714 2025-26
2025-11-12 22500215    1629013            Landry Shamet 1610612752       NYK      New York        Knicks    knicks                             27.116667    4    6   0.667     1     3    0.333    2    3   0.667   11    3    1    1    0          0   1     3     0          -3   -0.177 2025-26
2025-11-12 22500215    1628404                Josh Hart 1610612752       NYK      New York        Knicks    knicks                             18.000000    4   10   0.400     1     5    0.200    1    1   1.000   10    3    2    1    1          3   2     2     1         -16   -1.789 2025-26
2025-11-12 22500215    1630540            Miles McBride 1610612752       NYK      New York        Knicks    knicks                             20.700000    3    8   0.375     2     5    0.400    1    2   0.500    9    1    1    2    0          3   1     1     0          -9   -2.533 2025-26
2025-11-12 22500215     203903          Jordan Clarkson 1610612752       NYK      New York        Knicks    knicks                             10.633333    2    5   0.400     1     4    0.250    0    0   0.000    5    1    1    1    0          1   1     0     1           4   -3.663 2025-26
2025-11-12 22500215    1627824       Guerschon Yabusele 1610612752       NYK      New York        Knicks    knicks                              5.416667    2    3   0.667     2     3    0.667    0    0   0.000    6    0    1    1    0          0   0     0     0          -4   -1.120 2025-26
2025-11-12 22500215    1630574           Ariel Hukporti 1610612752       NYK      New York        Knicks    knicks                              1.900000    0    0   0.000     0     0    0.000    0    0   0.000    0    0    0    0    0          0   0     0     0          -2   -7.526 2025-26
2025-11-12 22500215    1642278              Tyler Kolek 1610612752       NYK      New York        Knicks    knicks                              1.900000    1    1   1.000     0     0    0.000    0    0   0.000    2    0    0    0    0          0   0     0     0          -2   -6.926 2025-26
2025-11-12 22500215    1642885          Mohamed Diawara 1610612752       NYK      New York        Knicks    knicks                              1.900000    0    0   0.000     0     0    0.000    0    0   0.000    0    0    0    0    0          0   0     0     0          -2   -7.526 2025-26
2025-11-12 22500215    1642359            Pacôme Dadiet 1610612752       NYK      New York        Knicks    knicks                              1.866667    1    2   0.500     0     1    0.000    0    0   0.000    2    0    1    0    0          0   0     0     0           0   -6.734 2025-26
2025-11-12 22500216     203484 Kentavious Caldwell-Pope 1610612763       MEM       Memphis     Grizzlies grizzlies        F                    18.700000    0    3   0.000     0     3    0.000    0    0   0.000    0    3    3    1    0          1   2     2     1         -25   -4.300 2025-26
2025-11-12 22500216    1628991        Jaren Jackson Jr. 1610612763       MEM       Memphis     Grizzlies grizzlies        F                    23.283333    7   15   0.467     1     3    0.333    3    3   1.000   18    2    0    1    1          3   5     0     2         -28   -1.134 2025-26
2025-11-12 22500216    1629111             Jock Landale 1610612763       MEM       Memphis     Grizzlies grizzlies        C                    24.466667    5   10   0.500     1     2    0.500    0    0   0.000   11    6    4    1    0          1   1     4     2         -30    0.990 2025-26
2025-11-12 22500216    1642377             Jaylen Wells 1610612763       MEM       Memphis     Grizzlies grizzlies        G                    24.383333    2   10   0.200     1     5    0.200    0    0   0.000    5    4    0    2    0          0   2     1     3         -27   -0.571 2025-26
2025-11-12 22500216    1631246       Vince Williams Jr. 1610612763       MEM       Memphis     Grizzlies grizzlies        G                    24.566667    4   12   0.333     3    10    0.300    1    1   1.000   12    5    2    0    0          1   2     4     1         -17   -1.686 2025-26
2025-11-12 22500216    1642285              Cam Spencer 1610612763       MEM       Memphis     Grizzlies grizzlies                             29.383333    1    5   0.200     1     2    0.500    2    2   1.000    5    2    3    0    1          0   1     2     0         -16   -1.647 2025-26
2025-11-12 22500216    1630583             Santi Aldama 1610612763       MEM       Memphis     Grizzlies grizzlies                             23.583333    4   11   0.364     2     7    0.286    4    6   0.667   14    6    4    2    1          1   0     4     2           4    5.916 2025-26
2025-11-12 22500216    1642907            Cedric Coward 1610612763       MEM       Memphis     Grizzlies grizzlies                             25.566667    3   12   0.250     1     6    0.167    5    6   0.833   12    6    3    0    0          2   2     4     2         -19   -4.448 2025-26
2025-11-12 22500216    1641765  Olivier-Maxence Prosper 1610612763       MEM       Memphis     Grizzlies grizzlies                             26.100000    2    7   0.286     0     2    0.000    4    4   1.000    8    4    4    0    1          1   2     3     1         -11   -1.644 2025-26
2025-11-12 22500216    1641790                  PJ Hall 1610612763       MEM       Memphis     Grizzlies grizzlies                              7.033333    2    4   0.500     0     1    0.000    0    1   0.000    4    3    1    0    0          0   0     2     1          -5   -5.982 2025-26
2025-11-12 22500216    1641713               GG Jackson 1610612763       MEM       Memphis     Grizzlies grizzlies                              7.033333    2    6   0.333     0     2    0.000    2    3   0.667    6    0    1    1    0          0   1     0     0          -5   -4.338 2025-26
2025-11-12 22500216    1629723             John Konchar 1610612763       MEM       Memphis     Grizzlies grizzlies                              5.900000    0    0   0.000     0     0    0.000    0    0   0.000    0    0    0    0    0          0   0     0     0          -1   -7.526 2025-26
2025-11-12 22500216    1627759             Jaylen Brown 1610612738       BOS        Boston       Celtics   celtics        F                    25.300000    8   16   0.500     2     5    0.400    1    2   0.500   19    6    6    0    0          2   2     3     3          29   -0.096 2025-26
2025-11-12 22500216    1641775             Jordan Walsh 1610612738       BOS        Boston       Celtics   celtics        F                    17.833333    3    7   0.429     1     3    0.333    0    0   0.000    7    6    0    0    2          0   4     5     1          19    1.155 2025-26
2025-11-12 22500216    1629674            Neemias Queta 1610612738       BOS        Boston       Celtics   celtics        C                    20.033333    6    6   1.000     0     0    0.000    1    1   1.000   13    8    2    1    1          0   2     6     2          27    5.461 2025-26
2025-11-12 22500216    1630202         Payton Pritchard 1610612738       BOS        Boston       Celtics   celtics        G                    30.366667    8   15   0.533     5    10    0.500    3    4   0.750   24    6    9    0    0          0   1     6     0          42    8.330 2025-26
2025-11-12 22500216    1628401            Derrick White 1610612738       BOS        Boston       Celtics   celtics        G                    26.166667    6   11   0.545     3     6    0.500    5    5   1.000   20    5    4    2    1          2   0     2     3          22    9.200 2025-26
2025-11-12 22500216    1630573               Sam Hauser 1610612738       BOS        Boston       Celtics   celtics                             22.550000    2    8   0.250     1     7    0.143    0    0   0.000    5    2    1    1    1          1   1     1     1          15   -1.902 2025-26
2025-11-12 22500216    1629014          Anfernee Simons 1610612738       BOS        Boston       Celtics   celtics                             21.816667    2   10   0.200     2     6    0.333    0    0   0.000    6    4    7    0    0          1   0     3     1          -1   -2.471 2025-26
2025-11-12 22500216    1630568               Luka Garza 1610612738       BOS        Boston       Celtics   celtics                             17.166667    6    8   0.750     2     3    0.667    0    0   0.000   14    7    1    0    0          0   3     2     5           2    1.149 2025-26
2025-11-12 22500216    1631169              Josh Minott 1610612738       BOS        Boston       Celtics   celtics                             21.983333    4    8   0.500     1     4    0.250    0    0   0.000    9    5    4    0    1          3   1     4     1           2   -2.484 2025-26
2025-11-12 22500216    1642864            Hugo González 1610612738       BOS        Boston       Celtics   celtics                              8.200000    0    2   0.000     0     0    0.000    0    0   0.000    0    1    0    0    1          1   1     1     0          -1   -6.655 2025-26
2025-11-12 22500216    1631248        Baylor Scheierman 1610612738       BOS        Boston       Celtics   celtics                             11.533333    2    3   0.667     2     3    0.667    0    0   0.000    6    1    0    0    0          0   1     1     0          11   -3.832 2025-26
2025-11-12 22500216    1628449            Chris Boucher 1610612738       BOS        Boston       Celtics   celtics                             12.783333    1    3   0.333     0     2    0.000    0    0   0.000    2    7    0    0    0          0   3     6     1          14   -4.711 2025-26
2025-11-12 22500216    1631199           Ron Harper Jr. 1610612738       BOS        Boston       Celtics   celtics                              4.266667    2    2   1.000     2     2    1.000    0    0   0.000    6    0    0    0    1          0   1     0     0          -1   -1.722 2025-26
2025-11-12 22500217    1629631          De'Andre Hunter 1610612739       CLE     Cleveland     Cavaliers cavaliers        F                    28.350000    8   13   0.615     1     5    0.200    4    5   0.800   21    6    2    2    0          3   1     5     1           4    2.914 2025-26
2025-11-12 22500217    1629731                Dean Wade 1610612739       CLE     Cleveland     Cavaliers cavaliers        F                    26.216667    3    7   0.429     2     4    0.500    0    0   0.000    8    3    2    1    0          1   0     3     0          -7   -0.882 2025-26
2025-11-12 22500217    1628386            Jarrett Allen 1610612739       CLE     Cleveland     Cavaliers cavaliers        C                    27.433333   12   20   0.600     0     1    0.000    6    7   0.857   30   10    2    0    0          1   0     8     2           2    2.728 2025-26
2025-11-12 22500217    1630241              Sam Merrill 1610612739       CLE     Cleveland     Cavaliers cavaliers        G                    20.650000    1   10   0.100     1     8    0.125    2    2   1.000    5    0    3    1    1          0   3     0     0          -8   -1.245 2025-26
2025-11-12 22500217    1628366               Lonzo Ball 1610612739       CLE     Cleveland     Cavaliers cavaliers        G                    20.483333    4    8   0.500     4     7    0.571    3    3   1.000   15    2    8    1    1          3   1     0     2          -9    5.611 2025-26
2025-11-12 22500217    1641854         Craig Porter Jr. 1610612739       CLE     Cleveland     Cavaliers cavaliers                             32.166667    7   12   0.583     3     3    1.000    2    3   0.667   19    4    9    3    4          2   2     2     2          21   19.166 2025-26
2025-11-12 22500217    1626204          Larry Nance Jr. 1610612739       CLE     Cleveland     Cavaliers cavaliers                             19.416667    1    3   0.333     1     2    0.500    0    0   0.000    3    5    2    2    0          1   4     4     1           3    0.727 2025-26
2025-11-12 22500217    1642878           Tyrese Proctor 1610612739       CLE     Cleveland     Cavaliers cavaliers                             22.733333    4   15   0.267     2     8    0.250    2    2   1.000   12    2    2    0    0          0   4     2     0          19   -3.360 2025-26
2025-11-12 22500217    1631247             Luke Travers 1610612739       CLE     Cleveland     Cavaliers cavaliers                             12.100000    1    5   0.200     0     3    0.000    2    2   1.000    4    4    0    1    2          0   1     3     1          11    1.378 2025-26
2025-11-12 22500217    1628418            Thomas Bryant 1610612739       CLE     Cleveland     Cavaliers cavaliers                             12.800000    2    4   0.500     0     2    0.000    0    1   0.000    4    7    0    0    1          0   1     5     2          14   -2.645 2025-26
2025-11-12 22500217    1641772          Nae'Qwan Tomlin 1610612739       CLE     Cleveland     Cavaliers cavaliers                             17.650000    2    7   0.286     0     4    0.000    5    6   0.833    9    6    2    2    1          1   4     2     4          20    3.092 2025-26
2025-11-12 22500217    1641796            Pelle Larsson 1610612748       MIA         Miami          Heat      heat        F                    27.416667    3    7   0.429     2     3    0.667    1    1   1.000    9    0    4    0    1          3   3     0     0           3   -3.492 2025-26
2025-11-12 22500217     203952           Andrew Wiggins 1610612748       MIA         Miami          Heat      heat        F                    33.233333    7   13   0.538     2     5    0.400    1    2   0.500   17    9    6    0    2          5   3     7     2          -9    1.984 2025-26
2025-11-12 22500217    1642276              Kel'el Ware 1610612748       MIA         Miami          Heat      heat        C                    27.716667    6    7   0.857     1     1    1.000    2    2   1.000   15   13    1    1    1          1   3     9     4          -2    7.092 2025-26
2025-11-12 22500217    1626181            Norman Powell 1610612748       MIA         Miami          Heat      heat        G                    32.500000   10   18   0.556     5    10    0.500    2    2   1.000   27    2    5    0    0          3   3     2     0          -3    2.579 2025-26
2025-11-12 22500217    1630558          Davion Mitchell 1610612748       MIA         Miami          Heat      heat        G                    33.883333    7   13   0.538     2     4    0.500    0    0   0.000   16    3    4    1    0          1   3     3     0         -10    1.895 2025-26
2025-11-12 22500217    1631170         Jaime Jaquez Jr. 1610612748       MIA         Miami          Heat      heat                             29.850000    4   15   0.267     0     4    0.000    3    3   1.000   11    3    4    0    0          1   4     3     0         -16   -5.173 2025-26
2025-11-12 22500217    1631107             Nikola Jović 1610612748       MIA         Miami          Heat      heat                             22.050000    1    6   0.167     0     3    0.000    0    1   0.000    2    4    3    2    2          4   1     4     0         -16   -1.083 2025-26
2025-11-12 22500217    1631323        Simone Fontecchio 1610612748       MIA         Miami          Heat      heat                             19.233333    4    7   0.571     3     5    0.600    2    2   1.000   13    4    0    1    0          2   4     4     0         -13    0.237 2025-26
2025-11-12 22500217    1630696                Dru Smith 1610612748       MIA         Miami          Heat      heat                             14.116667    3    8   0.375     0     2    0.000    0    0   0.000    6    6    2    1    0          1   5     3     3          -4   -2.357 2025-26
2025-11-12 22500218    1642273           Kyshawn George 1610612764       WAS    Washington       Wizards   wizards        F                    35.716667    7   17   0.412     2     6    0.333    0    0   0.000   16    7    9    2    1          3   4     6     1         -16    7.242 2025-26
2025-11-12 22500218     203114          Khris Middleton 1610612764       WAS    Washington       Wizards   wizards        F                    22.633333    3    6   0.500     1     4    0.250    0    0   0.000    7    2    3    1    1          2   4     1     1          -2   -0.662 2025-26
2025-11-12 22500218    1642259                Alex Sarr 1610612764       WAS    Washington       Wizards   wizards        C                    31.966667   10   15   0.667     2     3    0.667    3    5   0.600   25   11    4    0    1          2   3     7     4         -16    5.248 2025-26
2025-11-12 22500218     203468              CJ McCollum 1610612764       WAS    Washington       Wizards   wizards        G                    29.350000    2   11   0.182     2     5    0.400    4    5   0.800   10    2    3    0    1          0   1     2     0          -8   -1.263 2025-26
2025-11-12 22500218    1642848              Tre Johnson 1610612764       WAS    Washington       Wizards   wizards        G                    27.433333    4   10   0.400     4     7    0.571    0    1   0.000   12    1    1    1    0          1   1     1     0          -9   -0.507 2025-26
2025-11-12 22500218    1642267           Bub Carrington 1610612764       WAS    Washington       Wizards   wizards                             19.466667    3    7   0.429     1     1    1.000    0    1   0.000    7    1    2    1    0          2   2     1     0         -16   -4.802 2025-26
2025-11-12 22500218    1641715             Cam Whitmore 1610612764       WAS    Washington       Wizards   wizards                             25.050000    5    9   0.556     0     3    0.000    1    2   0.500   11    3    1    1    1          1   4     1     2         -21   -0.686 2025-26
2025-11-12 22500218    1630557            Corey Kispert 1610612764       WAS    Washington       Wizards   wizards                             18.566667    2    7   0.286     2     6    0.333    2    2   1.000    8    2    0    0    0          1   2     2     0         -14   -4.975 2025-26
2025-11-12 22500218    1628963        Marvin Bagley III 1610612764       WAS    Washington       Wizards   wizards                             12.483333    4    4   1.000     0     0    0.000    1    1   1.000    9    5    1    0    0          0   1     3     2          -4   -2.266 2025-26
2025-11-12 22500218    1641774         Tristan Vukcevic 1610612764       WAS    Washington       Wizards   wizards                              7.283333    1    3   0.333     1     3    0.333    0    0   0.000    3    1    0    0    0          0   0     0     1          -6   -5.911 2025-26
2025-11-12 22500218    1631103           Malaki Branham 1610612764       WAS    Washington       Wizards   wizards                              3.350000    0    1   0.000     0     0    0.000    2    2   1.000    2    0    1    0    0          0   0     0     0          -1   -6.553 2025-26
2025-11-12 22500218    1630551        Justin Champagnie 1610612764       WAS    Washington       Wizards   wizards                              3.350000    0    1   0.000     0     0    0.000    0    0   0.000    0    1    0    0    0          0   0     1     0          -1   -7.414 2025-26
2025-11-12 22500218    1642860               Will Riley 1610612764       WAS    Washington       Wizards   wizards                              3.350000    1    1   1.000     0     0    0.000    0    0   0.000    2    1    0    0    0          0   0     0     1          -1   -6.528 2025-26
2025-11-12 22500218     201142             Kevin Durant 1610612745       HOU       Houston       Rockets   rockets        F                    30.866667    7   16   0.438     2     5    0.400    7    8   0.875   23    5    4    2    0          1   2     4     1          15    6.449 2025-26
2025-11-12 22500218    1631095         Jabari Smith Jr. 1610612745       HOU       Houston       Rockets   rockets        F                    29.883333    6   13   0.462     0     3    0.000    3    4   0.750   15    8    3    1    1          1   2     7     1          13    2.785 2025-26
2025-11-12 22500218    1630578           Alperen Sengun 1610612745       HOU       Houston       Rockets   rockets        C                    27.766667    6   13   0.462     2     3    0.667    2    4   0.500   16   13    6    0    0          2   1     8     5           1    1.418 2025-26
2025-11-12 22500218    1641708            Amen Thompson 1610612745       HOU       Houston       Rockets   rockets        G                    34.933333    8   11   0.727     1     2    0.500    1    2   0.500   18    1    8    3    1          2   0     0     1          17    9.226 2025-26
2025-11-12 22500218    1629006              Josh Okogie 1610612745       HOU       Houston       Rockets   rockets        G                    25.900000    3    8   0.375     1     4    0.250    0    0   0.000    7    5    1    1    0          0   1     3     2          16   -0.867 2025-26
2025-11-12 22500218    1642263            Reed Sheppard 1610612745       HOU       Houston       Rockets   rockets                             24.666667    8   11   0.727     5     8    0.625    0    1   0.000   21    3    3    2    1          3   3     3     0          13    8.196 2025-26
2025-11-12 22500218     203500             Steven Adams 1610612745       HOU       Houston       Rockets   rockets                             16.883333    2    5   0.400     0     0    0.000    1    2   0.500    5    8    4    0    2          1   2     3     5          21    0.817 2025-26
2025-11-12 22500218    1631106               Tari Eason 1610612745       HOU       Houston       Rockets   rockets                             20.783333    7   12   0.583     4     6    0.667    2    2   1.000   20    6    0    0    0          0   2     2     4          13    3.172 2025-26
2025-11-12 22500218    1630256            Jae'Sean Tate 1610612745       HOU       Houston       Rockets   rockets                              8.350000    1    1   1.000     0     0    0.000    0    0   0.000    2    1    1    0    0          0   2     0     1           0   -6.049 2025-26
2025-11-12 22500218     203991             Clint Capela 1610612745       HOU       Houston       Rockets   rockets                              9.916667    1    1   1.000     0     0    0.000    0    0   0.000    2    2    0    0    0          0   2     2     0           3   -6.129 2025-26
2025-11-12 22500218    1628988            Aaron Holiday 1610612745       HOU       Houston       Rockets   rockets                              3.350000    0    1   0.000     0     1    0.000    0    0   0.000    0    0    2    0    1          0   0     0     0           1   -4.633 2025-26
2025-11-12 22500218    1631120               JD Davison 1610612745       HOU       Houston       Rockets   rockets                              3.350000    1    2   0.500     1     1    1.000    0    0   0.000    3    0    0    0    0          0   1     0     0           1   -6.022 2025-26
2025-11-12 22500218     201145               Jeff Green 1610612745       HOU       Houston       Rockets   rockets                              3.350000    1    2   0.500     1     2    0.500    0    0   0.000    3    1    0    0    0          0   0     1     0           1   -5.623 2025-26
2025-11-12 22500219    1630166              Deni Avdija 1610612757       POR      Portland Trail Blazers   blazers        F                    34.933333   12   18   0.667     4     8    0.500    4    5   0.800   32    1    2    1    0          0   5     1     0          16    7.512 2025-26
2025-11-12 22500219    1641739           Toumani Camara 1610612757       POR      Portland Trail Blazers   blazers        F                    38.433333    4    8   0.500     3     6    0.500    2    2   1.000   13    3    5    2    1          4   2     2     1           8    4.447 2025-26
2025-11-12 22500219    1642270          Donovan Clingan 1610612757       POR      Portland Trail Blazers   blazers        C                    27.466667    4    9   0.444     0     4    0.000    1    1   1.000    9   10    0    0    3          3   3     7     3          12    0.949 2025-26
2025-11-12 22500219    1631101           Shaedon Sharpe 1610612757       POR      Portland Trail Blazers   blazers        G                    29.766667   13   18   0.722     2     7    0.286    7    7   1.000   35    5    3    2    0          1   2     5     0          20   11.464 2025-26
2025-11-12 22500219     201950             Jrue Holiday 1610612757       POR      Portland Trail Blazers   blazers        G                    36.533333    6   12   0.500     3     7    0.429    2    2   1.000   17    4   12    0    0          3   2     4     0          -4    2.513 2025-26
2025-11-12 22500219     203924             Jerami Grant 1610612757       POR      Portland Trail Blazers   blazers                              7.050000    1    3   0.333     0     0    0.000    0    0   0.000    2    2    1    0    0          0   0     1     1           4   -6.225 2025-26
2025-11-12 22500219    1629057      Robert Williams III 1610612757       POR      Portland Trail Blazers   blazers                             16.683333    3    5   0.600     0     0    0.000    0    0   0.000    6    6    1    0    1          1   1     4     2          -3   -2.385 2025-26
2025-11-12 22500219    1631200              Kris Murray 1610612757       POR      Portland Trail Blazers   blazers                             22.400000    3    4   0.750     0     1    0.000    0    0   0.000    6    7    1    0    0          0   2     5     2          -3   -2.746 2025-26
2025-11-12 22500219    1631321             Sidy Cissoko 1610612757       POR      Portland Trail Blazers   blazers                             16.800000    1    2   0.500     0     1    0.000    0    0   0.000    2    0    1    0    0          1   2     0     0          -9   -7.911 2025-26
2025-11-12 22500219    1641871               Duop Reath 1610612757       POR      Portland Trail Blazers   blazers                              4.216667    1    2   0.500     1     2    0.500    0    0   0.000    3    1    0    0    0          0   0     1     0          -1   -5.623 2025-26
2025-11-12 22500219    1641712             Rayan Rupert 1610612757       POR      Portland Trail Blazers   blazers                              5.716667    0    2   0.000     0     1    0.000    0    0   0.000    0    0    0    0    0          0   3     0     0           0   -8.099 2025-26
2025-11-12 22500219    1630530          Trey Murphy III 1610612740       NOP   New Orleans      Pelicans  pelicans        F                    39.483333    8   18   0.444     3    11    0.273    3    3   1.000   22    5    5    1    0          1   2     4     1          -3    4.985 2025-26
2025-11-12 22500219    1630180               Saddiq Bey 1610612740       NOP   New Orleans      Pelicans  pelicans        F                    35.233333    8   16   0.500     3     8    0.375    6    7   0.857   25    6    5    0    0          1   3     2     4          -4    3.744 2025-26
2025-11-12 22500219    1626172             Kevon Looney 1610612740       NOP   New Orleans      Pelicans  pelicans        C                     8.166667    0    1   0.000     0     1    0.000    0    0   0.000    0    2    1    1    0          1   3     1     1          -7   -5.082 2025-26
2025-11-12 22500219    1630529            Herbert Jones 1610612740       NOP   New Orleans      Pelicans  pelicans        G                    34.000000    4    9   0.444     2     5    0.400    1    2   0.500   11    1    3    1    0          1   2     1     0          -5   -1.257 2025-26
2025-11-12 22500219    1642847           Jeremiah Fears 1610612740       NOP   New Orleans      Pelicans  pelicans        G                    26.100000    4   11   0.364     1     2    0.500    6    6   1.000   15    3    4    2    0          2   3     1     2          -3    2.422 2025-26
2025-11-12 22500219    1642877              Micah Peavy 1610612740       NOP   New Orleans      Pelicans  pelicans                             12.433333    1    2   0.500     0     0    0.000    0    0   0.000    2    5    2    0    0          0   1     2     3         -11   -4.264 2025-26
2025-11-12 22500219    1642852              Derik Queen 1610612740       NOP   New Orleans      Pelicans  pelicans                             37.750000   12   18   0.667     0     1    0.000    2    3   0.667   26    7    4    0    0          1   3     4     3           0    1.508 2025-26
2025-11-12 22500219    1630631            Jose Alvarado 1610612740       NOP   New Orleans      Pelicans  pelicans                             21.900000    2    7   0.286     1     5    0.200    0    0   0.000    5    1    3    1    0          3   2     0     1          -5   -5.631 2025-26
2025-11-12 22500219    1631255           Karlo Matković 1610612740       NOP   New Orleans      Pelicans  pelicans                             14.000000    2    4   0.500     1     2    0.500    0    0   0.000    5    3    1    0    1          0   1     3     0          -3   -1.813 2025-26
2025-11-12 22500219    1641722           Jordan Hawkins 1610612740       NOP   New Orleans      Pelicans  pelicans                              8.883333    2    5   0.400     2     4    0.500    0    0   0.000    6    2    0    0    0          0   0     2     0           2   -4.007 2025-26
2025-11-12 22500219    1642274               Yves Missi 1610612740       NOP   New Orleans      Pelicans  pelicans                              2.050000    0    0   0.000     0     0    0.000    0    0   0.000    0    0    0    0    1          0   0     0     0          -1   -5.304 2025-26
2025-11-12 22500220    1642954             Will Richard 1610612744       GSW  Golden State      Warriors  warriors        F                    21.683333    1    2   0.500     1     2    0.500    0    0   0.000    3    1    1    1    0          3   3     1     0           1   -6.043 2025-26
2025-11-12 22500220     202710         Jimmy Butler III 1610612744       GSW  Golden State      Warriors  warriors        F                    33.800000    7   12   0.583     5     7    0.714    9   12   0.750   28    6    8    3    0          0   0     3     3           6   16.550 2025-26
2025-11-12 22500220     203110           Draymond Green 1610612744       GSW  Golden State      Warriors  warriors        C                    26.683333    1   10   0.100     0     7    0.000    4    4   1.000    6    5    4    1    0          4   6     5     0          15   -6.113 2025-26
2025-11-12 22500220    1630541              Moses Moody 1610612744       GSW  Golden State      Warriors  warriors        G                    26.166667    6   13   0.462     5    10    0.500    2    2   1.000   19    3    3    0    0          0   2     2     1           4    3.436 2025-26
2025-11-12 22500220     201939            Stephen Curry 1610612744       GSW  Golden State      Warriors  warriors        G                    33.533333   13   25   0.520     5    16    0.313   15   16   0.938   46    5    5    2    0          1   2     5     0           5   16.365 2025-26
2025-11-12 22500220     201143               Al Horford 1610612744       GSW  Golden State      Warriors  warriors                             22.500000    3    7   0.429     3     6    0.500    0    0   0.000    9    3    3    0    2          1   2     3     0         -14    2.600 2025-26
2025-11-12 22500220    1630228         Jonathan Kuminga 1610612744       GSW  Golden State      Warriors  warriors                             12.100000    0    1   0.000     0     1    0.000    0    0   0.000    0    4    0    0    0          1   0     4     0         -10   -7.395 2025-26
2025-11-12 22500220    1627741              Buddy Hield 1610612744       GSW  Golden State      Warriors  warriors                             15.516667    1    4   0.250     0     2    0.000    2    2   1.000    4    1    0    1    0          1   0     1     0          -3   -5.152 2025-26
2025-11-12 22500220    1641764       Brandin Podziemski 1610612744       GSW  Golden State      Warriors  warriors                             28.866667    2    7   0.286     2     5    0.400    0    0   0.000    6    6    4    3    1          3   3     6     0          10    5.516 2025-26
2025-11-12 22500220    1642366             Quinten Post 1610612744       GSW  Golden State      Warriors  warriors                              4.600000    0    0   0.000     0     0    0.000    0    0   0.000    0    0    0    1    0          0   0     0     0           2   -4.894 2025-26
2025-11-12 22500220    1627780           Gary Payton II 1610612744       GSW  Golden State      Warriors  warriors                             14.566667    2    4   0.500     0     1    0.000    0    0   0.000    4    6    2    1    0          1   0     2     4           9   -2.097 2025-26
2025-11-12 22500220    1630170            Devin Vassell 1610612759       SAS   San Antonio         Spurs     spurs        F                    35.033333    5   13   0.385     4    11    0.364    1    1   1.000   15    2    1    0    0          0   2     2     0          -3   -0.387 2025-26
2025-11-12 22500220     203084          Harrison Barnes 1610612759       SAS   San Antonio         Spurs     spurs        F                    25.133333    4    9   0.444     3     6    0.500    0    0   0.000   11    2    0    3    1          2   1     2     0          -5    5.571 2025-26
2025-11-12 22500220    1641705        Victor Wembanyama 1610612759       SAS   San Antonio         Spurs     spurs        C                    36.350000   11   22   0.500     3     7    0.429    6    6   1.000   31   15   10    0    1          8   5     9     6          -9    5.405 2025-26
2025-11-12 22500220    1642264           Stephon Castle 1610612759       SAS   San Antonio         Spurs     spurs        G                    31.216667    9   16   0.563     0     3    0.000    5    7   0.714   23   10   10    0    0          2   5     7     3           8    2.724 2025-26
2025-11-12 22500220    1628368             De'Aaron Fox 1610612759       SAS   San Antonio         Spurs     spurs        G                    35.533333    5   14   0.357     1     5    0.200    2    2   1.000   13    5    5    0    0          6   3     4     1          -2   -7.810 2025-26
2025-11-12 22500220    1628436              Luke Kornet 1610612759       SAS   San Antonio         Spurs     spurs                             22.183333    6    6   1.000     0     0    0.000    0    0   0.000   12    0    1    0    0          0   4     0     0          -2   -3.449 2025-26
2025-11-12 22500220    1629640           Keldon Johnson 1610612759       SAS   San Antonio         Spurs     spurs                             24.466667    3    9   0.333     0     2    0.000    0    0   0.000    6    9    1    2    0          1   0     6     3          -9    0.703 2025-26
2025-11-12 22500220    1630577        Julian Champagnie 1610612759       SAS   San Antonio         Spurs     spurs                             19.983333    2    3   0.667     2     3    0.667    0    0   0.000    6    3    1    0    1          1   2     3     0          -1   -1.511 2025-26
2025-11-12 22500220    1631110            Jeremy Sochan 1610612759       SAS   San Antonio         Spurs     spurs                              6.283333    1    1   1.000     1     1    1.000    0    0   0.000    3    3    1    0    0          0   2     3     0           0   -4.062 2025-26
2025-11-12 22500220    1630322         Lindy Waters III 1610612759       SAS   San Antonio         Spurs     spurs                              3.816667    0    1   0.000     0     1    0.000    0    0   0.000    0    0    0    0    0          0   0     0     0          -2   -7.813 2025-26
2025-11-12 22500221    1628415            Dillon Brooks 1610612756       PHX       Phoenix          Suns      suns        F                    30.966667    6   14   0.429     3     8    0.375    3    3   1.000   18    2    4    1    0          0   2     2     0          -6    3.870 2025-26
2025-11-12 22500221    1626220            Royce O'Neale 1610612756       PHX       Phoenix          Suns      suns        F                    27.533333    4    7   0.571     3     4    0.750    2    2   1.000   13    6    4    1    0          2   2     6     0          -9    2.948 2025-26
2025-11-12 22500221    1631109            Mark Williams 1610612756       PHX       Phoenix          Suns      suns        C                    26.266667    5    6   0.833     0     0    0.000    0    0   0.000   10    4    2    2    2          1   2     1     3          -5    6.267 2025-26
2025-11-12 22500221    1628960            Grayson Allen 1610612756       PHX       Phoenix          Suns      suns        G                    32.850000    8   17   0.471     4     9    0.444    3    4   0.750   23    5    3    3    1          2   1     4     1           2   11.068 2025-26
2025-11-12 22500221    1626164             Devin Booker 1610612756       PHX       Phoenix          Suns      suns        G                    38.416667    7   19   0.368     0     3    0.000   12   13   0.923   26    3    9    2    0          5   3     3     0           8    2.038 2025-26
2025-11-12 22500221    1642346                Ryan Dunn 1610612756       PHX       Phoenix          Suns      suns                             23.616667    4    9   0.444     0     2    0.000    0    0   0.000    8    4    1    2    0          0   3     2     2          12    0.773 2025-26
2025-11-12 22500221    1630208            Nick Richards 1610612756       PHX       Phoenix          Suns      suns                              9.500000    3    5   0.600     0     0    0.000    0    2   0.000    6    7    1    0    0          1   1     4     3           5   -5.721 2025-26
2025-11-12 22500221    1631221         Collin Gillespie 1610612756       PHX       Phoenix          Suns      suns                             19.133333    1    5   0.200     1     4    0.250    1    2   0.500    4    6    5    0    0          0   1     5     1          17   -2.465 2025-26
2025-11-12 22500221    1630692           Jordan Goodwin 1610612756       PHX       Phoenix          Suns      suns                             20.016667    5   11   0.455     3     5    0.600    0    0   0.000   13    6    2    1    0          0   3     3     3          16    3.308 2025-26
2025-11-12 22500221    1642345             Oso Ighodaro 1610612756       PHX       Phoenix          Suns      suns                             11.700000    1    2   0.500     0     0    0.000    0    0   0.000    2    3    0    1    0          1   2     3     0           5   -4.562 2025-26
2025-11-12 22500221    1642843             Cooper Flagg 1610612742       DAL        Dallas     Mavericks mavericks        F                    33.700000    6   15   0.400     3     7    0.429    1    4   0.250   16    6    6    3    2          4   3     5     1          -9    8.083 2025-26
2025-11-12 22500221    1629023          P.J. Washington 1610612742       DAL        Dallas     Mavericks mavericks        F                     5.416667    3    5   0.600     0     2    0.000    0    0   0.000    6    0    0    1    1          0   1     0     0           9   -1.446 2025-26
2025-11-12 22500221    1629655           Daniel Gafford 1610612742       DAL        Dallas     Mavericks mavericks        C                    26.650000    6    7   0.857     0     0    0.000    3    5   0.600   15    9    0    1    2          2   1     8     1           0    3.753 2025-26
2025-11-12 22500221    1631108             Max Christie 1610612742       DAL        Dallas     Mavericks mavericks        G                    34.116667    4    9   0.444     3     6    0.500    1    2   0.500   12    6    7    0    1          1   5     6     0           7    3.430 2025-26
2025-11-12 22500221    1630314         Brandon Williams 1610612742       DAL        Dallas     Mavericks mavericks        G                    33.250000    7   13   0.538     0     3    0.000    3    3   1.000   17    5    9    3    0          4   0     4     1          11    5.607 2025-26
2025-11-12 22500221    1630619             Moussa Cisse 1610612742       DAL        Dallas     Mavericks mavericks                             14.783333    2    2   1.000     0     0    0.000    0    0   0.000    4    9    0    0    4          2   6     5     4           7    3.795 2025-26
2025-11-12 22500221    1630230            Naji Marshall 1610612742       DAL        Dallas     Mavericks mavericks                             26.133333    4    6   0.667     2     3    0.667    2    2   1.000   12    4    3    1    0          2   2     4     0         -23    0.771 2025-26
2025-11-12 22500221    1628997             Caleb Martin 1610612742       DAL        Dallas     Mavericks mavericks                              7.000000    0    1   0.000     0     1    0.000    0    0   0.000    0    1    3    0    0          0   1     1     0         -13   -5.979 2025-26
2025-11-12 22500221    1626156         D'Angelo Russell 1610612742       DAL        Dallas     Mavericks mavericks                             14.333333    2    7   0.286     1     6    0.167    0    0   0.000    5    0    3    1    0          1   1     0     0         -18   -3.677 2025-26
2025-11-12 22500221     202691            Klay Thompson 1610612742       DAL        Dallas     Mavericks mavericks                             30.733333    6   17   0.353     6    16    0.375    1    1   1.000   19    3    1    0    0          1   2     3     0         -10    0.954 2025-26
2025-11-12 22500221    1630702              Jaden Hardy 1610612742       DAL        Dallas     Mavericks mavericks                             12.116667    3    4   0.750     2     3    0.667    0    0   0.000    8    1    0    0    0          2   1     1     0          -3   -5.586 2025-26
2025-11-12 22500221     203939            Dwight Powell 1610612742       DAL        Dallas     Mavericks mavericks                              1.766667    0    0   0.000     0     0    0.000    0    0   0.000    0    1    0    0    0          0   0     0     1          -3   -7.128 2025-26
2025-11-12 22500222     203935             Marcus Smart 1610612747       LAL   Los Angeles        Lakers    lakers        F                    27.716667    1    5   0.200     1     4    0.250    6    6   1.000    9    1    0    1    0          2   3     1     0         -21   -3.863 2025-26
2025-11-12 22500222    1629060            Rui Hachimura 1610612747       LAL   Los Angeles        Lakers    lakers        F                    32.883333    5   11   0.455     2     5    0.400    1    2   0.500   13    5    1    2    0          0   0     5     0         -35    3.506 2025-26
2025-11-12 22500222    1629028            Deandre Ayton 1610612747       LAL   Los Angeles        Lakers    lakers        C                    25.816667    3    5   0.600     0     0    0.000    0    1   0.000    6    5    1    1    0          4   4     2     3         -18   -6.660 2025-26
2025-11-12 22500222    1630559            Austin Reaves 1610612747       LAL   Los Angeles        Lakers    lakers        G                    30.350000    4   12   0.333     0     5    0.000    5    6   0.833   13    5    3    1    0          5   3     5     0         -24   -6.052 2025-26
2025-11-12 22500222    1629029              Luka Dončić 1610612747       LAL   Los Angeles        Lakers    lakers        G                    32.816667    7   20   0.350     1     7    0.143    4    7   0.571   19    7    7    2    0          4   3     6     1         -31    0.123 2025-26
2025-11-12 22500222    1631222             Jake LaRavia 1610612747       LAL   Los Angeles        Lakers    lakers                             22.016667    1    6   0.167     1     4    0.250    2    2   1.000    5    1    2    0    0          1   1     1     0          -9   -6.207 2025-26
2025-11-12 22500222    1629020        Jarred Vanderbilt 1610612747       LAL   Los Angeles        Lakers    lakers                             18.733333    2    4   0.500     1     2    0.500    1    2   0.500    6    9    2    0    0          3   2     8     1          -1   -5.061 2025-26
2025-11-12 22500222    1629637             Jaxson Hayes 1610612747       LAL   Los Angeles        Lakers    lakers                             13.883333    1    1   1.000     0     0    0.000    0    0   0.000    2    2    0    0    0          1   1     1     1         -17   -7.306 2025-26
2025-11-12 22500222    1642261            Dalton Knecht 1610612747       LAL   Los Angeles        Lakers    lakers                             19.183333    6    7   0.857     4     5    0.800    0    2   0.000   16    2    1    0    0          0   1     1     1          -1    0.313 2025-26
2025-11-12 22500222    1642355             Bronny James 1610612747       LAL   Los Angeles        Lakers    lakers                              8.300000    0    4   0.000     0     2    0.000    0    0   0.000    0    1    2    1    0          0   0     1     0           6   -4.685 2025-26
2025-11-12 22500222    1628467              Maxi Kleber 1610612747       LAL   Los Angeles        Lakers    lakers                              8.300000    1    2   0.500     1     1    1.000    0    0   0.000    3    4    0    1    0          0   1     2     2           6   -1.797 2025-26
2025-11-12 22500222    1641717            Cason Wallace 1610612760       OKC Oklahoma City       Thunder   thunder        F                    24.050000    2    6   0.333     0     3    0.000    2    2   1.000    6    0    1    2    1          0   4     0     0          24    1.271 2025-26
2025-11-12 22500222    1631096            Chet Holmgren 1610612760       OKC Oklahoma City       Thunder   thunder        F                    20.066667    4    7   0.571     1     2    0.500    2    2   1.000   11    3    1    0    2          0   4     3     0          16    2.101 2025-26
2025-11-12 22500222    1628392       Isaiah Hartenstein 1610612760       OKC Oklahoma City       Thunder   thunder        C                    20.166667    5    6   0.833     0     0    0.000    1    2   0.500   11    8    0    1    0          2   2     6     2          14   -1.715 2025-26
2025-11-12 22500222    1642349            Ajay Mitchell 1610612760       OKC Oklahoma City       Thunder   thunder        G                    26.450000    6   13   0.462     1     5    0.200    1    1   1.000   14    3    3    3    0          3   2     2     1          18    2.648 2025-26
2025-11-12 22500222    1628983  Shai Gilgeous-Alexander 1610612760       OKC Oklahoma City       Thunder   thunder        G                    29.383333   10   18   0.556     2     7    0.286    8    9   0.889   30    5    9    2    0          1   1     5     0          25   11.319 2025-26
2025-11-12 22500222    1630198               Isaiah Joe 1610612760       OKC Oklahoma City       Thunder   thunder                             34.650000    5   11   0.455     4    10    0.400    7    7   1.000   21    2    5    2    0          1   2     2     0          24    8.528 2025-26
2025-11-12 22500222    1631119          Jaylin Williams 1610612760       OKC Oklahoma City       Thunder   thunder                             19.533333    2    6   0.333     2     5    0.400    0    0   0.000    6    7    4    0    0          1   0     6     1          21   -1.566 2025-26
2025-11-12 22500222    1627936              Alex Caruso 1610612760       OKC Oklahoma City       Thunder   thunder                             16.900000    4    7   0.571     2     3    0.667    0    0   0.000   10    4    3    2    0          1   0     4     0          19    3.509 2025-26
2025-11-12 22500222    1642382          Branden Carlson 1610612760       OKC Oklahoma City       Thunder   thunder                             16.983333    0    4   0.000     0     2    0.000    0    0   0.000    0    5    1    2    1          0   2     4     1          -2    1.284 2025-26
2025-11-12 22500222    1631172            Ousmane Dieng 1610612760       OKC Oklahoma City       Thunder   thunder                             15.216667    5    8   0.625     0     1    0.000    0    0   0.000   10    2    1    0    0          2   0     2     0          -2   -6.464 2025-26
2025-11-12 22500222    1642964         Brooks Barnhizer 1610612760       OKC Oklahoma City       Thunder   thunder                              8.300000    1    1   1.000     0     0    0.000    0    0   0.000    2    2    0    0    0          0   1     2     0          -6   -6.129 2025-26
2025-11-12 22500222    1642959         Chris Youngblood 1610612760       OKC Oklahoma City       Thunder   thunder                              8.300000    0    1   0.000     0     1    0.000    0    0   0.000    0    1    0    0    0          0   1     0     1          -6   -7.414 2025-26
2025-11-12 22500223    1642258       Zaccharie Risacher 1610612737       ATL       Atlanta         Hawks     hawks        F                    22.216667    7    8   0.875     1     2    0.500    0    1   0.000   15    3    1    1    1          2   2     3     0          41    0.995 2025-26
2025-11-12 22500223    1630552            Jalen Johnson 1610612737       ATL       Atlanta         Hawks     hawks        F                    23.833333    9   10   0.900     2     3    0.667    4    4   1.000   24   10    8    1    0          1   2    10     0          39   10.796 2025-26
2025-11-12 22500223     204001       Kristaps Porziņģis 1610612737       ATL       Atlanta         Hawks     hawks        C                    23.316667    5   12   0.417     2     5    0.400    1    2   0.500   13    4    6    0    2          1   2     3     1          32    3.218 2025-26
2025-11-12 22500223    1630700            Dyson Daniels 1610612737       ATL       Atlanta         Hawks     hawks        G                    26.983333    2    9   0.222     0     2    0.000    1    2   0.500    5    6    8    2    0          3   0     5     1          38   -0.748 2025-26
2025-11-12 22500223    1629638 Nickeil Alexander-Walker 1610612737       ATL       Atlanta         Hawks     hawks        G                    21.733333    5   11   0.455     1     4    0.250    3    3   1.000   14    6    4    0    2          3   1     5     1          44    1.338 2025-26
2025-11-12 22500223    1630168           Onyeka Okongwu 1610612737       ATL       Atlanta         Hawks     hawks                             20.633333    6    7   0.857     2     3    0.667    7    8   0.875   21    3    2    1    0          3   3     2     1          15    1.398 2025-26
2025-11-12 22500223    1628379             Luke Kennard 1610612737       ATL       Atlanta         Hawks     hawks                             20.816667    5    8   0.625     3     6    0.500    0    0   0.000   13    3    2    2    0          1   0     2     1          -6    4.425 2025-26
2025-11-12 22500223    1630249               Vít Krejčí 1610612737       ATL       Atlanta         Hawks     hawks                             20.866667    4    6   0.667     3     5    0.600    0    0   0.000   11    3    4    0    0          0   4     3     0          -5    0.983 2025-26
2025-11-12 22500223    1631243           Mouhamed Gueye 1610612737       ATL       Atlanta         Hawks     hawks                             20.400000    1    4   0.250     0     3    0.000    0    0   0.000    2    3    2    2    0          0   0     2     1         -12   -0.371 2025-26
2025-11-12 22500223    1630811           Keaton Wallace 1610612737       ATL       Atlanta         Hawks     hawks                             23.266667    2    4   0.500     0     2    0.000    0    0   0.000    4    2    4    4    0          2   2     2     0          -5    3.984 2025-26
2025-11-12 22500223    1631216            Caleb Houstan 1610612737       ATL       Atlanta         Hawks     hawks                              8.116667    2    5   0.400     2     4    0.500    0    0   0.000    6    1    1    1    0          2   3     0     1          -8   -3.649 2025-26
2025-11-12 22500223    1642854               Asa Newell 1610612737       ATL       Atlanta         Hawks     hawks                              7.816667    1    1   1.000     1     1    1.000    2    2   1.000    5    1    0    0    1          1   1     1     0          -8   -3.510 2025-26
2025-11-12 22500223     201942            DeMar DeRozan 1610612758       SAC    Sacramento         Kings     kings        F                    19.233333    1    6   0.167     0     1    0.000    2    2   1.000    4    2    2    1    0          2   1     1     1         -31   -5.545 2025-26
2025-11-12 22500223    1630173         Precious Achiuwa 1610612758       SAC    Sacramento         Kings     kings        F                    19.966667    4    6   0.667     0     0    0.000    2    4   0.500   10    5    2    0    0          0   0     3     2         -14   -3.481 2025-26
2025-11-12 22500223    1627734         Domantas Sabonis 1610612758       SAC    Sacramento         Kings     kings        C                    26.400000    4    9   0.444     0     1    0.000    4    4   1.000   12    5    2    2    0          4   2     5     0         -38   -1.495 2025-26
2025-11-12 22500223     201566        Russell Westbrook 1610612758       SAC    Sacramento         Kings     kings        G                    22.450000    4   11   0.364     1     5    0.200    1    2   0.500   10    2    3    0    0          3   2     2     0         -34   -7.602 2025-26
2025-11-12 22500223     203471          Dennis Schröder 1610612758       SAC    Sacramento         Kings     kings        G                    25.850000    3    8   0.375     2     3    0.667    1    2   0.500    9    3    4    1    0          1   0     2     1         -20   -0.579 2025-26
2025-11-12 22500223    1631165               Keon Ellis 1610612758       SAC    Sacramento         Kings     kings                             30.550000    7   14   0.500     6    11    0.545    0    0   0.000   20    0    1    2    0          1   3     0     0         -23    6.377 2025-26
2025-11-12 22500223    1642363           Nique Clifford 1610612758       SAC    Sacramento         Kings     kings                             30.550000    3   11   0.273     1     5    0.200    2    2   1.000    9    4    4    0    0          1   4     3     1          -5   -3.715 2025-26
2025-11-12 22500223    1642269             Devin Carter 1610612758       SAC    Sacramento         Kings     kings                             21.766667    4   12   0.333     2     6    0.333    1    1   1.000   11    6    3    1    0          2   4     5     1           5   -0.545 2025-26
2025-11-12 22500223    1629234             Drew Eubanks 1610612758       SAC    Sacramento         Kings     kings                              6.716667    0    1   0.000     0     0    0.000    0    0   0.000    0    2    0    0    0          0   0     2     0           6   -7.016 2025-26
2025-11-12 22500223    1631342          Daeqwon Plowden 1610612758       SAC    Sacramento         Kings     kings                             14.000000    1    5   0.200     0     3    0.000    0    0   0.000    2    2    0    0    0          0   0     0     2         -16   -7.276 2025-26
2025-11-12 22500223    1642875           Maxime Raynaud 1610612758       SAC    Sacramento         Kings     kings                             14.766667    3    6   0.500     0     1    0.000    1    1   1.000    7    4    1    0    1          3   2     3     1          -3   -5.431 2025-26
2025-11-12 22500223     203926           Doug McDermott 1610612758       SAC    Sacramento         Kings     kings                              7.750000    2    3   0.667     2     3    0.667    0    0   0.000    6    0    0    0    0          1   1     0     0           8   -5.407 2025-26
Dropping columns not present in fantasy-survivor-app:nba_data.player_daily_game_stats_p: ['comment', 'jersey_num', 'plus_minus', 'position', 'team_abbr', 'team_city', 'team_id', 'team_name', 'team_slug']
Loaded 256 rows into fantasy-survivor-app.nba_data.player_daily_game_stats_p.
Dropping columns not present in fantasy-survivor-app:nba_data.player_daily_game_stats: ['comment', 'jersey_num', 'plus_minus', 'position', 'team_abbr', 'team_city', 'team_id', 'team_name', 'team_slug']
Loaded 256 rows into fantasy-survivor-app.nba_data.player_daily_game_stats.
Refreshed league_pg_stats_by_season ✅
/Users/danielshenmuan/PycharmProjects/nba_api/jobs/daily_ingest_local.py:181: DeprecationWarning: datetime.datetime.utcnow() is deprecated and scheduled for removal in a future version. Use timezone-aware objects to represent datetimes in UTC: datetime.datetime.now(datetime.UTC).
  target_date = (datetime.utcnow() - timedelta(days=1)).replace(
Fetching stats for 2025-11-13 across 3 games...
Retrieved 69 rows.
 game_date  game_id  player_id              player_name    team_id team_abbr team_city team_name team_slug position comment jersey_num   minutes  fgm  fga  fg_pct  fg3m  fg3a  fg3_pct  ftm  fta  ft_pct  pts  reb  ast  stl  blk  turnovers  pf  dreb  oreb  plus_minus  z_score  season
2025-11-13 22500225    1627742           Brandon Ingram 1610612761       TOR   Toronto   Raptors   raptors        F                    35.316667    5   15   0.333     0     6    0.000    1    1   1.000   11    5    4    0    1          3   1     5     0           5   -4.407 2025-26
2025-11-13 22500225    1630567           Scottie Barnes 1610612761       TOR   Toronto   Raptors   raptors        F                    34.566667   12   22   0.545     1     4    0.250    3    3   1.000   28   10    8    1    5          2   0     8     2          18   18.363 2025-26
2025-11-13 22500225    1627751             Jakob Poeltl 1610612761       TOR   Toronto   Raptors   raptors        C                    29.416667    7   10   0.700     0     0    0.000    6    6   1.000   20    7    3    2    0          0   3     4     3           7    7.642 2025-26
2025-11-13 22500225    1629628               RJ Barrett 1610612761       TOR   Toronto   Raptors   raptors        G                    26.950000    3    9   0.333     0     3    0.000    3    4   0.750    9    9    4    1    0          1   4     8     1           2   -0.078 2025-26
2025-11-13 22500225    1630193        Immanuel Quickley 1610612761       TOR   Toronto   Raptors   raptors        G                    31.883333   10   13   0.769     5     7    0.714    0    0   0.000   25    1    6    0    0          2   2     1     0          13    4.481 2025-26
2025-11-13 22500225    1641711              Gradey Dick 1610612761       TOR   Toronto   Raptors   raptors                             20.933333    2    3   0.667     2     3    0.667    0    0   0.000    6    0    2    1    0          1   2     0     0          10   -1.818 2025-26
2025-11-13 22500225    1642266           Ja'Kobe Walter 1610612761       TOR   Toronto   Raptors   raptors                             12.866667    2    3   0.667     0     1    0.000    0    0   0.000    4    3    2    1    0          0   3     0     3         -16   -1.829 2025-26
2025-11-13 22500225    1642347              Jamal Shead 1610612761       TOR   Toronto   Raptors   raptors                             23.816667    3    7   0.429     2     4    0.500    0    0   0.000    8    2    7    0    0          2   4     1     1          15   -2.696 2025-26
2025-11-13 22500225    1642419           Jamison Battle 1610612761       TOR   Toronto   Raptors   raptors                              5.666667    1    1   1.000     0     0    0.000    0    0   0.000    2    1    0    0    0          1   0     1     0           5   -7.704 2025-26
2025-11-13 22500225    1630572    Sandro Mamukelashvili 1610612761       TOR   Toronto   Raptors   raptors                             17.016667    4    5   0.800     2     3    0.667    3    3   1.000   13    5    1    0    0          1   1     4     1           8   -0.567 2025-26
2025-11-13 22500225     202066           Garrett Temple 1610612761       TOR   Toronto   Raptors   raptors                              1.566667    0    0   0.000     0     0    0.000    0    0   0.000    0    0    0    0    1          0   0     0     0          -2   -5.304 2025-26
2025-11-13 22500225    1629631          De'Andre Hunter 1610612739       CLE Cleveland Cavaliers cavaliers        F                    27.450000    7   16   0.438     1     5    0.200    1    2   0.500   16    2    6    0    1          0   2     2     0          -7    0.813 2025-26
2025-11-13 22500225    1630596              Evan Mobley 1610612739       CLE Cleveland Cavaliers cavaliers        F                    34.783333    2    7   0.286     1     3    0.333    2    4   0.500    7    9    3    1    0          1   2     6     3         -18   -0.822 2025-26
2025-11-13 22500225    1628386            Jarrett Allen 1610612739       CLE Cleveland Cavaliers cavaliers        C                    20.900000    3    6   0.500     0     0    0.000    0    0   0.000    6    8    0    1    1          2   2     6     2          -6   -0.898 2025-26
2025-11-13 22500225    1630241              Sam Merrill 1610612739       CLE Cleveland Cavaliers cavaliers        G                    27.200000    4   11   0.364     3     9    0.333    1    1   1.000   12    2    3    0    0          0   1     1     1          -2   -0.935 2025-26
2025-11-13 22500225    1628378         Donovan Mitchell 1610612739       CLE Cleveland Cavaliers cavaliers        G                    35.683333    7   18   0.389     2     9    0.222   15   17   0.882   31    6    6    1    2          7   2     5     1         -18    4.342 2025-26
2025-11-13 22500225    1642878           Tyrese Proctor 1610612739       CLE Cleveland Cavaliers cavaliers                             11.133333    3    8   0.375     1     5    0.200    0    0   0.000    7    0    1    0    0          0   2     0     0          -7   -5.490 2025-26
2025-11-13 22500225    1629731                Dean Wade 1610612739       CLE Cleveland Cavaliers cavaliers                             20.816667    1    5   0.200     0     3    0.000    0    0   0.000    2    3    1    0    0          0   1     1     2          -1   -6.399 2025-26
2025-11-13 22500225    1641854         Craig Porter Jr. 1610612739       CLE Cleveland Cavaliers cavaliers                             24.416667    4    6   0.667     2     4    0.500    0    0   0.000   10    1    5    1    2          0   1     1     0           5    6.550 2025-26
2025-11-13 22500225    1626204          Larry Nance Jr. 1610612739       CLE Cleveland Cavaliers cavaliers                              7.050000    0    0   0.000     0     0    0.000    0    0   0.000    0    0    1    0    0          2   1     0     0         -13   -9.400 2025-26
2025-11-13 22500225    1641772          Nae'Qwan Tomlin 1610612739       CLE Cleveland Cavaliers cavaliers                             21.516667    8   10   0.800     0     1    0.000    2    2   1.000   18    6    0    2    0          0   5     1     5         -10    5.133 2025-26
2025-11-13 22500225    1628418            Thomas Bryant 1610612739       CLE Cleveland Cavaliers cavaliers                              6.816667    2    4   0.500     0     2    0.000    0    0   0.000    4    0    0    0    0          0   1     0     0           8   -6.900 2025-26
2025-11-13 22500225    1631247             Luke Travers 1610612739       CLE Cleveland Cavaliers cavaliers                              2.233333    0    0   0.000     0     0    0.000    0    0   0.000    0    0    0    1    0          0   0     0     0           4   -4.894 2025-26
2025-11-13 22500226    1627783            Pascal Siakam 1610612754       IND   Indiana    Pacers    pacers        F                    30.933333    6   14   0.429     0     1    0.000    7    8   0.875   19    5    2    0    0          2   4     2     3         -25   -3.644 2025-26
2025-11-13 22500226    1630526   Jeremiah Robinson-Earl 1610612754       IND   Indiana    Pacers    pacers        F                    27.400000    2    4   0.500     0     1    0.000    2    2   1.000    6    7    0    0    0          0   1     3     4         -11   -3.330 2025-26
2025-11-13 22500226    1628396             Tony Bradley 1610612754       IND   Indiana    Pacers    pacers        C                    17.150000    5    7   0.714     0     0    0.000    0    0   0.000   10    3    0    0    0          1   3     1     2          -1   -5.083 2025-26
2025-11-13 22500226    1630174            Aaron Nesmith 1610612754       IND   Indiana    Pacers    pacers        G                    20.050000    3    9   0.333     1     3    0.333    3    3   1.000   10    3    1    1    0          0   2     3     0          -4   -0.781 2025-26
2025-11-13 22500226    1629614          Andrew Nembhard 1610612754       IND   Indiana    Pacers    pacers        G                    27.450000    5   15   0.333     1     5    0.200   10   11   0.909   21    2    8    0    0          3   2     2     0         -11   -1.964 2025-26
2025-11-13 22500226     204456           T.J. McConnell 1610612754       IND   Indiana    Pacers    pacers                             15.116667    2    8   0.250     1     2    0.500    0    0   0.000    5    1    2    2    0          0   2     0     1         -30   -0.236 2025-26
2025-11-13 22500226    1641716            Jarace Walker 1610612754       IND   Indiana    Pacers    pacers                             26.383333    0   10   0.000     0     4    0.000    2    2   1.000    2    4    2    0    1          1   1     3     1         -28   -6.015 2025-26
2025-11-13 22500226    1630543           Isaiah Jackson 1610612754       IND   Indiana    Pacers    pacers                             16.566667    3    4   0.750     0     0    0.000    2    2   1.000    8    4    0    0    0          1   2     2     2         -27   -4.815 2025-26
2025-11-13 22500226    1641767             Ben Sheppard 1610612754       IND   Indiana    Pacers    pacers                             21.683333    2    7   0.286     2     3    0.667    0    0   0.000    6    6    1    0    0          1   4     5     1         -20   -3.684 2025-26
2025-11-13 22500226    1630643                 Jay Huff 1610612754       IND   Indiana    Pacers    pacers                             14.283333    1    2   0.500     0     1    0.000    1    1   1.000    3    0    1    0    2          1   1     0     0          -7   -3.076 2025-26
2025-11-13 22500226    1628420             Monté Morris 1610612754       IND   Indiana    Pacers    pacers                             10.250000    1    3   0.333     0     1    0.000    0    0   0.000    2    1    1    0    0          0   0     0     1         -18   -6.623 2025-26
2025-11-13 22500226    1643007             Taelon Peter 1610612754       IND   Indiana    Pacers    pacers                              9.383333    1    3   0.333     1     3    0.333    0    0   0.000    3    4    1    1    0          2   0     3     1          -2   -3.958 2025-26
2025-11-13 22500226    1642484              RayJ Dennis 1610612754       IND   Indiana    Pacers    pacers                              3.350000    1    2   0.500     1     1    1.000    0    0   0.000    3    1    1    0    0          0   0     1     0           9   -5.145 2025-26
2025-11-13 22500226    1628415            Dillon Brooks 1610612756       PHX   Phoenix      Suns      suns        F                    28.033333   12   18   0.667     3     7    0.429    5    5   1.000   32    1    0    1    0          2   4     1     0           9    4.157 2025-26
2025-11-13 22500226    1626220            Royce O'Neale 1610612756       PHX   Phoenix      Suns      suns        F                    22.966667    2    4   0.500     1     2    0.500    0    0   0.000    5    3    3    0    0          1   3     2     1          11   -4.255 2025-26
2025-11-13 22500226    1630208            Nick Richards 1610612756       PHX   Phoenix      Suns      suns        C                    15.216667    0    0   0.000     0     0    0.000    4    6   0.667    4    1    0    0    1          0   3     1     0         -13   -4.854 2025-26
2025-11-13 22500226    1628960            Grayson Allen 1610612756       PHX   Phoenix      Suns      suns        G                    12.166667    5    6   0.833     1     2    0.500    1    2   0.500   12    1    2    1    0          0   0     1     0           8   -0.003 2025-26
2025-11-13 22500226    1626164             Devin Booker 1610612756       PHX   Phoenix      Suns      suns        G                    29.333333   12   22   0.545     3    10    0.300    6    6   1.000   33    5    7    0    0          1   3     5     0          13    6.879 2025-26
2025-11-13 22500226    1642345             Oso Ighodaro 1610612756       PHX   Phoenix      Suns      suns                             26.383333    7    9   0.778     0     0    0.000    3    5   0.600   17    7    0    3    3          1   1     6     1          52   11.933 2025-26
2025-11-13 22500226    1642346                Ryan Dunn 1610612756       PHX   Phoenix      Suns      suns                             18.966667    1    2   0.500     1     1    1.000    0    0   0.000    3    3    0    0    0          1   2     2     1          20   -6.003 2025-26
2025-11-13 22500226    1631221         Collin Gillespie 1610612756       PHX   Phoenix      Suns      suns                             23.483333    3    7   0.429     2     4    0.500    2    2   1.000   10    4    1    0    0          2   3     3     1          27   -3.989 2025-26
2025-11-13 22500226    1630692           Jordan Goodwin 1610612756       PHX   Phoenix      Suns      suns                             22.600000    4    7   0.571     2     3    0.667    0    0   0.000   10    9    5    1    0          0   2     6     3          32    5.003 2025-26
2025-11-13 22500226    1630587            Isaiah Livers 1610612756       PHX   Phoenix      Suns      suns                             19.533333    1    3   0.333     0     2    0.000    1    1   1.000    3    5    0    0    1          0   1     3     2          22   -2.895 2025-26
2025-11-13 22500226    1628502        Nigel Hayes-Davis 1610612756       PHX   Phoenix      Suns      suns                              7.750000    0    2   0.000     0     1    0.000    0    0   0.000    0    1    1    0    0          1   0     1     0           0   -8.399 2025-26
2025-11-13 22500226    1642853          Rasheer Fleming 1610612756       PHX   Phoenix      Suns      suns                              7.166667    1    3   0.333     0     2    0.000    0    0   0.000    2    1    0    0    0          1   0     0     1          -2   -8.278 2025-26
2025-11-13 22500226    1642863           Khaman Maluach 1610612756       PHX   Phoenix      Suns      suns                              6.400000    1    2   0.500     0     1    0.000    0    0   0.000    2    2    0    0    1          1   2     2     0          -4   -5.370 2025-26
2025-11-13 22500227    1642258       Zaccharie Risacher 1610612737       ATL   Atlanta     Hawks     hawks        F                    19.183333    5    7   0.714     1     3    0.333    0    1   0.000   11    3    2    0    0          0   2     2     1           8   -2.514 2025-26
2025-11-13 22500227    1630552            Jalen Johnson 1610612737       ATL   Atlanta     Hawks     hawks        F                    40.633333   10   19   0.526     4     5    0.800    7   11   0.636   31   18   14    7    0          6   0    16     2          16   25.589 2025-26
2025-11-13 22500227    1630168           Onyeka Okongwu 1610612737       ATL   Atlanta     Hawks     hawks        C                    35.333333   11   18   0.611     8    14    0.571    2    2   1.000   32   11    2    2    3          4   5     9     2          16   19.936 2025-26
2025-11-13 22500227    1630700            Dyson Daniels 1610612737       ATL   Atlanta     Hawks     hawks        G                    26.666667    1    2   0.500     0     0    0.000    0    0   0.000    2    2    3    1    0          0   4     0     2           0   -2.349 2025-26
2025-11-13 22500227    1629638 Nickeil Alexander-Walker 1610612737       ATL   Atlanta     Hawks     hawks        G                    29.616667    4   11   0.364     1     3    0.333    7    8   0.875   16    2    5    2    2          2   0     1     1          15    6.581 2025-26
2025-11-13 22500227    1631243           Mouhamed Gueye 1610612737       ATL   Atlanta     Hawks     hawks                             14.833333    4    9   0.444     0     2    0.000    0    0   0.000    8    2    1    0    0          2   3     1     1         -10   -7.640 2025-26
2025-11-13 22500227    1628379             Luke Kennard 1610612737       ATL   Atlanta     Hawks     hawks                             20.216667    4    8   0.500     4     7    0.571    0    0   0.000   12    2    1    2    0          1   0     2     0           3    3.853 2025-26
2025-11-13 22500227    1630249               Vít Krejčí 1610612737       ATL   Atlanta     Hawks     hawks                             32.300000    7    9   0.778     6     8    0.750    0    0   0.000   20    1    3    3    0          1   3     1     0           8   11.798 2025-26
2025-11-13 22500227    1630811           Keaton Wallace 1610612737       ATL   Atlanta     Hawks     hawks                             15.450000    0    6   0.000     0     4    0.000    0    0   0.000    0    2    5    1    0          0   1     2     0          -4   -3.425 2025-26
2025-11-13 22500227    1642854               Asa Newell 1610612737       ATL   Atlanta     Hawks     hawks                              5.766667    0    1   0.000     0     1    0.000    0    0   0.000    0    0    0    0    1          0   0     0     0          -2   -5.590 2025-26
2025-11-13 22500227    1629004           Svi Mykhailiuk 1610612762       UTA      Utah      Jazz      jazz        F                    24.716667    0    4   0.000     0     3    0.000    0    0   0.000    0    1    3    0    0          0   1     1     0          -4   -6.839 2025-26
2025-11-13 22500227    1628374          Lauri Markkanen 1610612762       UTA      Utah      Jazz      jazz        F                    35.950000   15   25   0.600     6    12    0.500    4    4   1.000   40    7    2    1    0          4   3     3     4           4    8.984 2025-26
2025-11-13 22500227     203994             Jusuf Nurkić 1610612762       UTA      Utah      Jazz      jazz        C                    28.166667    4    7   0.571     1     2    0.500    1    3   0.333   10   10    8    5    1          6   4     9     1          -5   10.213 2025-26
2025-11-13 22500227    1642846               Ace Bailey 1610612762       UTA      Utah      Jazz      jazz        G                    31.833333    8   13   0.615     4     7    0.571    1    3   0.333   21    5    3    2    0          3   3     2     3         -18    4.639 2025-26
2025-11-13 22500227    1641718           Keyonte George 1610612762       UTA      Utah      Jazz      jazz        G                    37.216667    7   19   0.368     3     8    0.375    2    2   1.000   19    6    7    1    0          3   0     2     4         -14    2.424 2025-26
2025-11-13 22500227    1642268           Isaiah Collier 1610612762       UTA      Utah      Jazz      jazz                             25.250000    3    7   0.429     0     0    0.000    4    6   0.667   10    5    7    0    1          1   4     5     0           0   -0.433 2025-26
2025-11-13 22500227    1642271          Kyle Filipowski 1610612762       UTA      Utah      Jazz      jazz                             17.566667    3    5   0.600     1     2    0.500    1    2   0.500    8    9    3    0    3          2   1     8     1          -5    3.860 2025-26
2025-11-13 22500227    1642262            Cody Williams 1610612762       UTA      Utah      Jazz      jazz                             12.116667    1    3   0.333     0     1    0.000    0    1   0.000    2    0    0    0    0          0   0     0     0           1   -8.256 2025-26
2025-11-13 22500227     201567               Kevin Love 1610612762       UTA      Utah      Jazz      jazz                             15.466667    1    3   0.333     1     3    0.333    0    0   0.000    3    3    4    0    0          2   2     3     0          -2   -5.553 2025-26
2025-11-13 22500227    1641729         Brice Sensabaugh 1610612762       UTA      Utah      Jazz      jazz                             11.716667    3    6   0.500     3     6    0.500    0    0   0.000    9    3    2    0    0          3   1     2     1          -7   -4.391 2025-26
Dropping columns not present in fantasy-survivor-app:nba_data.player_daily_game_stats_p: ['comment', 'jersey_num', 'plus_minus', 'position', 'team_abbr', 'team_city', 'team_id', 'team_name', 'team_slug']
Loaded 69 rows into fantasy-survivor-app.nba_data.player_daily_game_stats_p.
Dropping columns not present in fantasy-survivor-app:nba_data.player_daily_game_stats: ['comment', 'jersey_num', 'plus_minus', 'position', 'team_abbr', 'team_city', 'team_id', 'team_name', 'team_slug']
Loaded 69 rows into fantasy-survivor-app.nba_data.player_daily_game_stats.
Refreshed league_pg_stats_by_season ✅
/Users/danielshenmuan/PycharmProjects/nba_api/jobs/daily_ingest_local.py:181: DeprecationWarning: datetime.datetime.utcnow() is deprecated and scheduled for removal in a future version. Use timezone-aware objects to represent datetimes in UTC: datetime.datetime.now(datetime.UTC).
  target_date = (datetime.utcnow() - timedelta(days=1)).replace(
Fetching stats for 2025-11-15 across 5 games...
Retrieved 92 rows.
 game_date  game_id  player_id              player_name    team_id team_abbr     team_city team_name team_slug position comment jersey_num   minutes  fgm  fga  fg_pct  fg3m  fg3a  fg3_pct  ftm  fta  ft_pct  pts  reb  ast  stl  blk  turnovers  pf  dreb  oreb  plus_minus  z_score  season
2025-11-15 22500228    1642907            Cedric Coward 1610612763       MEM       Memphis Grizzlies grizzlies        F                    24.533333    3    8   0.375     2     6    0.333    2    2   1.000   10    8    2    0    1          2   1     6     2          -1    0.016 2025-26
2025-11-15 22500228    1628991        Jaren Jackson Jr. 1610612763       MEM       Memphis Grizzlies grizzlies        F                    32.666667    6   23   0.261     2     8    0.250   12   14   0.857   26    5    2    0    1          2   5     4     1          -2   -0.427 2025-26
2025-11-15 22500228    1641744                Zach Edey 1610612763       MEM       Memphis Grizzlies grizzlies        C                    24.700000    3    7   0.429     0     1    0.000    7    9   0.778   13    7    0    2    2          1   4     5     2           1    5.671 2025-26
2025-11-15 22500228    1642377             Jaylen Wells 1610612763       MEM       Memphis Grizzlies grizzlies        G                    23.850000    3    8   0.375     1     4    0.250    1    1   1.000    8    2    0    0    0          2   4     2     0           3   -7.134 2025-26
2025-11-15 22500228    1629630                Ja Morant 1610612763       MEM       Memphis Grizzlies grizzlies        G                     5.983333    2    2   1.000     0     0    0.000    3    4   0.750    7    1    2    0    0          1   0     0     1           4   -5.733 2025-26
2025-11-15 22500228    1629111             Jock Landale 1610612763       MEM       Memphis Grizzlies grizzlies                             19.383333    2    8   0.250     0     2    0.000    1    2   0.500    5    5    1    1    0          2   3     3     2         -12   -5.663 2025-26
2025-11-15 22500228    1630583             Santi Aldama 1610612763       MEM       Memphis Grizzlies grizzlies                             25.016667    5    9   0.556     2     4    0.500    0    2   0.000   12   11    2    1    0          0   3    10     1         -13    3.170 2025-26
2025-11-15 22500228     203484 Kentavious Caldwell-Pope 1610612763       MEM       Memphis Grizzlies grizzlies                             23.333333    2    4   0.500     0     0    0.000    2    2   1.000    6    0    3    0    0          1   0     0     0           1   -5.860 2025-26
2025-11-15 22500228    1631246       Vince Williams Jr. 1610612763       MEM       Memphis Grizzlies grizzlies                             26.750000    3    9   0.333     2     4    0.500    0    2   0.000    8    4    5    2    0          4   1     4     0           4   -2.035 2025-26
2025-11-15 22500228    1642285              Cam Spencer 1610612763       MEM       Memphis Grizzlies grizzlies                             19.816667    1    4   0.250     0     1    0.000    1    2   0.500    3    1    3    1    0          0   1     0     1         -14   -3.686 2025-26
2025-11-15 22500228    1629723             John Konchar 1610612763       MEM       Memphis Grizzlies grizzlies                             13.966667    1    4   0.250     0     2    0.000    0    0   0.000    2    2    1    2    1          0   3     1     1         -11    0.975 2025-26
2025-11-15 22500228    1629631          De'Andre Hunter 1610612739       CLE     Cleveland Cavaliers cavaliers        F                    32.116667    4    8   0.500     1     3    0.333    0    0   0.000    9    3    3    0    0          0   5     3     0           3   -2.452 2025-26
2025-11-15 22500228    1630596              Evan Mobley 1610612739       CLE     Cleveland Cavaliers cavaliers        F                    35.316667    7   16   0.438     3     6    0.500    5    8   0.625   22   13    4    0    4          4   4    10     3           0    8.631 2025-26
2025-11-15 22500228    1628386            Jarrett Allen 1610612739       CLE     Cleveland Cavaliers cavaliers        C                    26.350000    5    8   0.625     0     0    0.000    6    8   0.750   16    6    2    0    1          2   2     5     1           1   -1.340 2025-26
2025-11-15 22500228    1630241              Sam Merrill 1610612739       CLE     Cleveland Cavaliers cavaliers        G                    27.200000    5    9   0.556     2     6    0.333    1    2   0.500   13    4    1    1    0          2   4     3     1          -4   -1.304 2025-26
2025-11-15 22500228    1628378         Donovan Mitchell 1610612739       CLE     Cleveland Cavaliers cavaliers        G                    32.933333   10   21   0.476     4    13    0.308    6    9   0.667   30    5    5    2    0          4   4     4     1           4    5.099 2025-26
2025-11-15 22500228    1629731                Dean Wade 1610612739       CLE     Cleveland Cavaliers cavaliers                             24.483333    2    4   0.500     0     2    0.000    0    0   0.000    4    4    2    0    2          1   0     4     0          22   -1.081 2025-26
2025-11-15 22500228    1628366               Lonzo Ball 1610612739       CLE     Cleveland Cavaliers cavaliers                             22.033333    3    5   0.600     3     5    0.600    0    0   0.000    9    7    5    2    0          5   2     5     2          16    1.835 2025-26
2025-11-15 22500228    1641854         Craig Porter Jr. 1610612739       CLE     Cleveland Cavaliers cavaliers                             12.966667    1    4   0.250     0     0    0.000    1    2   0.500    3    3    1    1    0          1   1     1     2          -1   -5.023 2025-26
2025-11-15 22500228    1626204          Larry Nance Jr. 1610612739       CLE     Cleveland Cavaliers cavaliers                              4.550000    0    2   0.000     0     2    0.000    0    0   0.000    0    0    0    0    0          1   3     0     0          -7   -9.276 2025-26
2025-11-15 22500228    1641772          Nae'Qwan Tomlin 1610612739       CLE     Cleveland Cavaliers cavaliers                             17.883333    1    4   0.250     0     1    0.000    0    0   0.000    2    4    1    1    2          0   3     3     1           8    1.362 2025-26
2025-11-15 22500228    1642878           Tyrese Proctor 1610612739       CLE     Cleveland Cavaliers cavaliers                              4.166667    0    2   0.000     0     2    0.000    0    0   0.000    0    0    0    0    0          0   0     0     0          -2   -8.099 2025-26
2025-11-15 22500229    1629652            Luguentz Dort 1610612760       OKC Oklahoma City   Thunder   thunder        F                    21.900000    1    4   0.250     1     2    0.500    0    0   0.000    3    4    1    0    1          1   2     3     1          23   -3.477 2025-26
2025-11-15 22500229    1631096            Chet Holmgren 1610612760       OKC Oklahoma City   Thunder   thunder        F                    32.366667   10   20   0.500     2     4    0.500    3    4   0.750   25    8    2    0    1          2   2     5     3          13    2.416 2025-26
2025-11-15 22500229    1628392       Isaiah Hartenstein 1610612760       OKC Oklahoma City   Thunder   thunder        C                    30.366667    6   10   0.600     0     0    0.000    0    0   0.000   12   12    5    1    0          2   3     7     5          -1    2.378 2025-26
2025-11-15 22500229    1641717            Cason Wallace 1610612760       OKC Oklahoma City   Thunder   thunder        G                    30.416667    4    7   0.571     2     2    1.000    0    0   0.000   10    2    4    3    0          3   2     2     0          17    3.469 2025-26
2025-11-15 22500229    1628983  Shai Gilgeous-Alexander 1610612760       OKC Oklahoma City   Thunder   thunder        G                    29.433333   13   19   0.684     3     4    0.750    4    5   0.800   33    4    7    2    0          1   1     4     0          21   11.957 2025-26
2025-11-15 22500229    1630198               Isaiah Joe 1610612760       OKC Oklahoma City   Thunder   thunder                             21.150000    1    5   0.200     1     3    0.333    0    0   0.000    3    5    1    2    0          1   0     4     1           2   -0.324 2025-26
2025-11-15 22500229    1642349            Ajay Mitchell 1610612760       OKC Oklahoma City   Thunder   thunder                             30.600000    6   15   0.400     1     4    0.250    1    1   1.000   14    6    4    1    1          3   2     6     0          -4    0.703 2025-26
2025-11-15 22500229    1642382          Branden Carlson 1610612760       OKC Oklahoma City   Thunder   thunder                             16.600000    3    5   0.600     1     3    0.333    0    0   0.000    7    2    0    0    2          1   2     1     1          -2   -1.044 2025-26
2025-11-15 22500229    1627936              Alex Caruso 1610612760       OKC Oklahoma City   Thunder   thunder                              1.700000    0    0   0.000     0     0    0.000    0    0   0.000    0    0    0    0    0          0   0     0     0           0   -7.526 2025-26
2025-11-15 22500229    1642964         Brooks Barnhizer 1610612760       OKC Oklahoma City   Thunder   thunder                             11.550000    0    1   0.000     0     0    0.000    0    0   0.000    0    5    1    0    1          0   0     4     1          -3   -3.120 2025-26
2025-11-15 22500229    1631172            Ousmane Dieng 1610612760       OKC Oklahoma City   Thunder   thunder                             13.916667    1    3   0.333     0     1    0.000    0    0   0.000    2    2    1    0    0          0   1     1     1          -1   -6.225 2025-26
2025-11-15 22500229    1642851             Kon Knueppel 1610612766       CHA     Charlotte   Hornets   hornets        F                    27.350000    3   10   0.300     2     5    0.400    0    0   0.000    8    4    3    0    2          5   2     4     0         -16   -3.760 2025-26
2025-11-15 22500229    1628970            Miles Bridges 1610612766       CHA     Charlotte   Hornets   hornets        F                    30.116667    6   16   0.375     3     9    0.333    0    0   0.000   15    4    4    0    0          0   0     4     0         -20    0.287 2025-26
2025-11-15 22500229    1641750         Ryan Kalkbrenner 1610612766       CHA     Charlotte   Hornets   hornets        C                    25.700000    4    6   0.667     0     0    0.000    5    6   0.833   13    7    0    1    1          0   0     3     4          -9    3.137 2025-26
2025-11-15 22500229    1642883               Sion James 1610612766       CHA     Charlotte   Hornets   hornets        G                    26.116667    1    7   0.143     1     5    0.200    0    0   0.000    3    2    1    0    0          0   2     2     0         -10   -6.179 2025-26
2025-11-15 22500229    1629012            Collin Sexton 1610612766       CHA     Charlotte   Hornets   hornets        G                    29.733333    5   13   0.385     3     6    0.500    0    0   0.000   13    4    3    1    0          3   2     3     1         -20   -1.113 2025-26
2025-11-15 22500229    1642354               KJ Simpson 1610612766       CHA     Charlotte   Hornets   hornets                             18.033333    4   13   0.308     1     3    0.333    0    0   0.000    9    1    5    2    0          2   0     1     0           7   -0.812 2025-26
2025-11-15 22500229    1630544                 Tre Mann 1610612766       CHA     Charlotte   Hornets   hornets                             20.816667    4   14   0.286     2     6    0.333    0    0   0.000   10    2    1    0    1          0   1     1     1         -15   -2.111 2025-26
2025-11-15 22500229    1631217           Moussa Diabaté 1610612766       CHA     Charlotte   Hornets   hornets                             23.750000    6    7   0.857     0     0    0.000    1    1   1.000   13   11    4    1    1          2   2     7     4          -2    4.973 2025-26
2025-11-15 22500229    1641810           Antonio Reeves 1610612766       CHA     Charlotte   Hornets   hornets                             17.216667    3    6   0.500     3     5    0.600    0    0   0.000    9    2    0    0    0          0   1     1     1          10   -2.217 2025-26
2025-11-15 22500229    1626192          Pat Connaughton 1610612766       CHA     Charlotte   Hornets   hornets                             16.433333    1    4   0.250     1     3    0.333    0    0   0.000    3    4    1    1    0          0   0     3     1           5   -1.891 2025-26
2025-11-15 22500229     203486            Mason Plumlee 1610612766       CHA     Charlotte   Hornets   hornets                              4.733333    0    0   0.000     0     0    0.000    0    0   0.000    0    1    1    0    0          0   0     1     0           5   -6.649 2025-26
2025-11-15 22500230    1627742           Brandon Ingram 1610612761       TOR       Toronto   Raptors   raptors        F                    29.900000    6   12   0.500     0     2    0.000    7    9   0.778   19    5    2    3    0          2   1     4     1          15    4.066 2025-26
2025-11-15 22500230    1630567           Scottie Barnes 1610612761       TOR       Toronto   Raptors   raptors        F                    31.750000    3    7   0.429     0     2    0.000    8    9   0.889   14   11    6    1    1          2   5    10     1          17    5.251 2025-26
2025-11-15 22500230    1627751             Jakob Poeltl 1610612761       TOR       Toronto   Raptors   raptors        C                    25.850000    8    9   0.889     0     0    0.000    6   14   0.429   22    9    1    1    1          1   1     5     4           4    1.027 2025-26
2025-11-15 22500230    1629628               RJ Barrett 1610612761       TOR       Toronto   Raptors   raptors        G                    28.033333    9   17   0.529     3     7    0.429    1    4   0.250   22    6    4    0    0          1   3     5     1           3    0.398 2025-26
2025-11-15 22500230    1630193        Immanuel Quickley 1610612761       TOR       Toronto   Raptors   raptors        G                    29.466667    5   10   0.500     2     6    0.333    0    0   0.000   12    3    7    0    0          2   2     3     0          11   -1.387 2025-26
2025-11-15 22500230    1642867     Collin Murray-Boyles 1610612761       TOR       Toronto   Raptors   raptors                             17.116667    4    6   0.667     0     0    0.000    2    2   1.000   10    2    1    1    0          1   1     2     0           3   -2.188 2025-26
2025-11-15 22500230    1630572    Sandro Mamukelashvili 1610612761       TOR       Toronto   Raptors   raptors                             22.150000    5    9   0.556     1     3    0.333    1    2   0.500   12    4    3    1    1          0   2     4     0          14    3.037 2025-26
2025-11-15 22500230    1642347              Jamal Shead 1610612761       TOR       Toronto   Raptors   raptors                             17.033333    3    6   0.500     1     4    0.250    0    0   0.000    7    0    4    2    0          0   4     0     0          17    1.782 2025-26
2025-11-15 22500230    1641711              Gradey Dick 1610612761       TOR       Toronto   Raptors   raptors                             19.350000    4    8   0.500     0     4    0.000    0    0   0.000    8    6    1    1    0          1   0     5     1           8   -1.949 2025-26
2025-11-15 22500230    1642266           Ja'Kobe Walter 1610612761       TOR       Toronto   Raptors   raptors                             14.816667    1    2   0.500     0     1    0.000    1    2   0.500    3    0    0    3    0          2   1     0     0           6   -2.037 2025-26
2025-11-15 22500230     202066           Garrett Temple 1610612761       TOR       Toronto   Raptors   raptors                              4.533333    0    1   0.000     0     1    0.000    0    0   0.000    0    0    0    0    0          0   0     0     0          -8   -7.813 2025-26
2025-11-15 22500230    1630526   Jeremiah Robinson-Earl 1610612754       IND       Indiana    Pacers    pacers        F                    30.283333    3    6   0.500     1     4    0.250    0    0   0.000    7    6    0    0    0          4   1     5     1          -9   -7.711 2025-26
2025-11-15 22500230    1627783            Pascal Siakam 1610612754       IND       Indiana    Pacers    pacers        F                    35.600000   10   19   0.526     5    10    0.500    5    6   0.833   30    4    3    2    0          0   4     1     3         -11   11.330 2025-26
2025-11-15 22500230    1628396             Tony Bradley 1610612754       IND       Indiana    Pacers    pacers        C                    18.650000    2    3   0.667     0     0    0.000    1    2   0.500    5    1    1    0    0          0   4     1     0          -6   -6.101 2025-26
2025-11-15 22500230    1641716            Jarace Walker 1610612754       IND       Indiana    Pacers    pacers        G                    29.516667    2    9   0.222     0     5    0.000    4    5   0.800    8    8    2    2    0          4   2     8     0          -7   -2.827 2025-26
2025-11-15 22500230    1629614          Andrew Nembhard 1610612754       IND       Indiana    Pacers    pacers        G                    31.483333    7   12   0.583     4     5    0.800    4    4   1.000   22    4    5    0    1          1   2     4     0         -14    6.594 2025-26
2025-11-15 22500230    1630543           Isaiah Jackson 1610612754       IND       Indiana    Pacers    pacers                             18.616667    1    2   0.500     0     0    0.000    4    5   0.800    6    6    1    0    0          1   3     6     0         -15   -4.715 2025-26
2025-11-15 22500230    1641767             Ben Sheppard 1610612754       IND       Indiana    Pacers    pacers                             20.333333    1    5   0.200     1     3    0.333    0    0   0.000    3    3    1    1    0          1   3     3     0         -15   -3.753 2025-26
2025-11-15 22500230    1643007             Taelon Peter 1610612754       IND       Indiana    Pacers    pacers                             13.283333    2    7   0.286     1     6    0.167    0    0   0.000    5    3    4    0    1          1   2     2     1          -8   -2.412 2025-26
2025-11-15 22500230     204456           T.J. McConnell 1610612754       IND       Indiana    Pacers    pacers                             16.466667    4   11   0.364     0     2    0.000    1    1   1.000    9    1    4    0    0          0   0     1     0         -12   -4.428 2025-26
2025-11-15 22500230    1630643                 Jay Huff 1610612754       IND       Indiana    Pacers    pacers                             15.900000    3    9   0.333     2     5    0.400    0    0   0.000    8    3    0    0    1          1   4     1     2          -6   -2.825 2025-26
2025-11-15 22500230    1642484              RayJ Dennis 1610612754       IND       Indiana    Pacers    pacers                              5.333333    2    3   0.667     1     2    0.500    2    2   1.000    7    0    0    0    0          2   0     0     0           5   -6.994 2025-26
2025-11-15 22500230    1628420             Monté Morris 1610612754       IND       Indiana    Pacers    pacers                              4.533333    0    1   0.000     0     1    0.000    1    2   0.500    1    1    1    0    0          0   0     1     0           8   -7.301 2025-26
2025-11-15 22500231    1642355             Bronny James 1610612747       LAL   Los Angeles    Lakers    lakers        F                     9.900000    0    2   0.000     0     2    0.000    0    0   0.000    0    1    1    1    0          0   0     0     1          -6   -4.591 2025-26
2025-11-15 22500231    1631222             Jake LaRavia 1610612747       LAL   Los Angeles    Lakers    lakers        F                    36.533333    1   10   0.100     0     4    0.000    2    2   1.000    4    6    1    2    0          1   4     4     2          26   -1.769 2025-26
2025-11-15 22500231    1629028            Deandre Ayton 1610612747       LAL   Los Angeles    Lakers    lakers        C                    28.433333    9   13   0.692     0     0    0.000    2    2   1.000   20   10    0    2    1          3   5     8     2          12    5.444 2025-26
2025-11-15 22500231    1630559            Austin Reaves 1610612747       LAL   Los Angeles    Lakers    lakers        G                    36.133333    9   17   0.529     5     9    0.556    2    3   0.667   25    6    8    1    0          3   4     3     3          14    6.876 2025-26
2025-11-15 22500231    1629029              Luka Dončić 1610612747       LAL   Los Angeles    Lakers    lakers        G                    38.216667    9   19   0.474     5    11    0.455   18   20   0.900   41    9    6    1    2          3   1     8     1          25   16.482 2025-26
2025-11-15 22500231    1642261            Dalton Knecht 1610612747       LAL   Los Angeles    Lakers    lakers                             33.800000    4    8   0.500     1     4    0.250    0    0   0.000    9    6    1    3    1          1   0     5     1          24    6.727 2025-26
2025-11-15 22500231    1629637             Jaxson Hayes 1610612747       LAL   Los Angeles    Lakers    lakers                             16.683333    3    4   0.750     0     0    0.000    4    4   1.000   10    6    1    2    0          2   1     6     0          10    1.327 2025-26
2025-11-15 22500231    1628467              Maxi Kleber 1610612747       LAL   Los Angeles    Lakers    lakers                             25.016667    1    1   1.000     1     1    1.000    0    0   0.000    3    1    3    0    0          0   5     1     0          22   -3.901 2025-26
2025-11-15 22500231    1642876              Adou Thiero 1610612747       LAL   Los Angeles    Lakers    lakers                              4.683333    1    1   1.000     0     0    0.000    2    2   1.000    4    1    0    0    0          0   0     0     1           2   -5.747 2025-26
2025-11-15 22500231    1629020        Jarred Vanderbilt 1610612747       LAL   Los Angeles    Lakers    lakers                              7.716667    0    0   0.000     0     0    0.000    0    0   0.000    0    1    1    0    0          2   0     1     0         -11   -9.002 2025-26
2025-11-15 22500231    1641733           Nick Smith Jr. 1610612747       LAL   Los Angeles    Lakers    lakers                              2.883333    1    2   0.500     1     2    0.500    0    0   0.000    3    0    1    1    0          0   0     0     0           2   -2.912 2025-26
2025-11-15 22500231    1628398               Kyle Kuzma 1610612749       MIL     Milwaukee     Bucks     bucks        F                    19.583333    0    6   0.000     0     5    0.000    1    2   0.500    1    1    0    0    0          1   5     1     0         -17  -10.389 2025-26
2025-11-15 22500231     203507    Giannis Antetokounmpo 1610612749       MIL     Milwaukee     Bucks     bucks        F                    31.583333    9   15   0.600     1     1    1.000   13   18   0.722   32   10    5    0    1          5   3     5     5         -12    1.350 2025-26
2025-11-15 22500231    1626167             Myles Turner 1610612749       MIL     Milwaukee     Bucks     bucks        C                    30.200000    1    4   0.250     1     2    0.500    0    0   0.000    3    8    1    0    1          1   3     7     1         -12   -1.884 2025-26
2025-11-15 22500231    1631260                 AJ Green 1610612749       MIL     Milwaukee     Bucks     bucks        G                    25.100000    5   10   0.500     5    10    0.500    0    0   0.000   15    3    0    0    0          1   0     3     0          -5    0.014 2025-26
2025-11-15 22500231    1631157             Ryan Rollins 1610612749       MIL     Milwaukee     Bucks     bucks        G                    27.233333    4   11   0.364     0     3    0.000    2    4   0.500   10    1    3    2    0          3   2     1     0         -22   -4.294 2025-26
2025-11-15 22500231    1630579             Jericho Sims 1610612749       MIL     Milwaukee     Bucks     bucks                              7.750000    0    0   0.000     0     0    0.000    0    0   0.000    0    2    1    1    1          0   1     0     2          -9   -1.397 2025-26
2025-11-15 22500231    1629018           Gary Trent Jr. 1610612749       MIL     Milwaukee     Bucks     bucks                             23.850000    5   12   0.417     3     9    0.333    0    0   0.000   13    0    1    0    0          0   3     0     0         -27   -2.479 2025-26
2025-11-15 22500231    1626171             Bobby Portis 1610612749       MIL     Milwaukee     Bucks     bucks                             17.933333    3    8   0.375     2     2    1.000    0    0   0.000    8    6    0    0    0          0   2     4     2          -2   -2.387 2025-26
2025-11-15 22500231     203914              Gary Harris 1610612749       MIL     Milwaukee     Bucks     bucks                             26.250000    2    5   0.400     2     4    0.500    0    0   0.000    6    1    1    0    1          0   1     1     0          -6   -1.705 2025-26
2025-11-15 22500231    1630175             Cole Anthony 1610612749       MIL     Milwaukee     Bucks     bucks                             17.683333    0    5   0.000     0     1    0.000    0    0   0.000    0    5    7    2    0          2   2     4     1           0   -0.707 2025-26
2025-11-15 22500231    1641748        Andre Jackson Jr. 1610612749       MIL     Milwaukee     Bucks     bucks                              3.583333    0    1   0.000     0     1    0.000    0    0   0.000    0    0    1    0    0          2   1     0     0          -2   -9.687 2025-26
2025-11-15 22500231     203648   Thanasis Antetokounmpo 1610612749       MIL     Milwaukee     Bucks     bucks                              3.083333    0    0   0.000     0     0    0.000    0    0   0.000    0    1    0    1    0          0   0     1     0          -2   -4.496 2025-26
2025-11-15 22500231    1629599              Amir Coffey 1610612749       MIL     Milwaukee     Bucks     bucks                              3.083333    1    1   1.000     1     1    1.000    0    0   0.000    3    0    0    0    0          0   0     0     0          -2   -5.735 2025-26
2025-11-15 22500231    1641813               Mark Sears 1610612749       MIL     Milwaukee     Bucks     bucks                              3.083333    2    2   1.000     0     0    0.000    0    0   0.000    4    1    0    0    0          2   0     0     1          -2   -8.281 2025-26
Dropping columns not present in fantasy-survivor-app:nba_data.player_daily_game_stats_p: ['comment', 'jersey_num', 'plus_minus', 'position', 'team_abbr', 'team_city', 'team_id', 'team_name', 'team_slug']
Loaded 92 rows into fantasy-survivor-app.nba_data.player_daily_game_stats_p.
Dropping columns not present in fantasy-survivor-app:nba_data.player_daily_game_stats: ['comment', 'jersey_num', 'plus_minus', 'position', 'team_abbr', 'team_city', 'team_id', 'team_name', 'team_slug']
Loaded 92 rows into fantasy-survivor-app.nba_data.player_daily_game_stats.
Refreshed league_pg_stats_by_season ✅
/Users/danielshenmuan/PycharmProjects/nba_api/jobs/daily_ingest_local.py:181: DeprecationWarning: datetime.datetime.utcnow() is deprecated and scheduled for removal in a future version. Use timezone-aware objects to represent datetimes in UTC: datetime.datetime.now(datetime.UTC).
  target_date = (datetime.utcnow() - timedelta(days=1)).replace(
Fetching stats for 2025-11-16 across 8 games...
Retrieved 168 rows.
 game_date  game_id  player_id              player_name    team_id team_abbr    team_city     team_name team_slug position comment jersey_num   minutes  fgm  fga  fg_pct  fg3m  fg3a  fg3_pct  ftm  fta  ft_pct  pts  reb  ast  stl  blk  turnovers  pf  dreb  oreb  plus_minus  z_score  season
2025-11-16 22500233    1627884        Derrick Jones Jr. 1610612746       LAC           LA      Clippers  clippers        F                    10.933333    2    5   0.400     1     2    0.500    0    0   0.000    5    1    0    0    2          1   0     1     0          -9   -2.329 2025-26
2025-11-16 22500233    1628381             John Collins 1610612746       LAC           LA      Clippers  clippers        F                    30.283333    8   13   0.615     1     4    0.250    0    0   0.000   17    2    0    0    0          0   3     2     0          -7   -2.176 2025-26
2025-11-16 22500233    1627826              Ivica Zubac 1610612746       LAC           LA      Clippers  clippers        C                    33.633333    6   10   0.600     0     0    0.000    4    4   1.000   16   12    2    1    1          1   4    10     2         -15    5.903 2025-26
2025-11-16 22500233    1627739                Kris Dunn 1610612746       LAC           LA      Clippers  clippers        G                    24.500000    1    5   0.200     1     3    0.333    3    4   0.750    6    4    3    0    1          3   2     3     1         -15   -4.745 2025-26
2025-11-16 22500233     201935             James Harden 1610612746       LAC           LA      Clippers  clippers        G                    37.816667    9   22   0.409     5    11    0.455   14   15   0.933   37    7    8    1    0          3   3     6     1          -8   10.522 2025-26
2025-11-16 22500233     203992        Bogdan Bogdanović 1610612746       LAC           LA      Clippers  clippers                             34.750000    4   10   0.400     1     5    0.200    2    2   1.000   11    4    3    0    0          2   2     4     0          18   -4.199 2025-26
2025-11-16 22500233     201572              Brook Lopez 1610612746       LAC           LA      Clippers  clippers                             14.150000    1    2   0.500     1     2    0.500    2    2   1.000    5    2    3    1    1          0   2     2     0          11    1.845 2025-26
2025-11-16 22500233     201587            Nicolas Batum 1610612746       LAC           LA      Clippers  clippers                             20.283333    2    4   0.500     2     4    0.500    0    0   0.000    6    4    0    0    2          1   3     3     1          -1    0.344 2025-26
2025-11-16 22500233    1641757            Jordan Miller 1610612746       LAC           LA      Clippers  clippers                             11.033333    1    3   0.333     0     1    0.000    2    2   1.000    4    2    2    0    0          1   0     1     1          -5   -6.142 2025-26
2025-11-16 22500233    1642920             Kobe Sanders 1610612746       LAC           LA      Clippers  clippers                             22.616667    4    7   0.571     2     3    0.667    1    1   1.000   11    6    2    1    0          1   1     2     4          16    1.586 2025-26
2025-11-16 22500233    1627759             Jaylen Brown 1610612738       BOS       Boston       Celtics   celtics        F                    38.616667   14   33   0.424     1     7    0.143    4    7   0.571   33   13    3    2    1          1   1    10     3          22    8.826 2025-26
2025-11-16 22500233    1641775             Jordan Walsh 1610612738       BOS       Boston       Celtics   celtics        F                    33.216667    2    5   0.400     0     1    0.000    2    2   1.000    6    8    3    3    1          0   5     6     2           4    8.334 2025-26
2025-11-16 22500233    1629674            Neemias Queta 1610612738       BOS       Boston       Celtics   celtics        C                    33.466667    7   16   0.438     0     0    0.000    0    1   0.000   14    9    3    1    1          0   2     3     6          16    3.217 2025-26
2025-11-16 22500233    1630202         Payton Pritchard 1610612738       BOS       Boston       Celtics   celtics        G                    33.083333   10   16   0.625     8    13    0.615    2    2   1.000   30    3    2    0    0          0   1     2     1         -15    9.213 2025-26
2025-11-16 22500233    1628401            Derrick White 1610612738       BOS       Boston       Celtics   celtics        G                    38.866667    7   17   0.412     4     8    0.500    4    4   1.000   22    7    9    0    2          1   2     5     2          20   10.497 2025-26
2025-11-16 22500233    1629014          Anfernee Simons 1610612738       BOS       Boston       Celtics   celtics                             11.950000    0    3   0.000     0     2    0.000    0    0   0.000    0    0    2    0    0          2   1     0     0          -1   -9.782 2025-26
2025-11-16 22500233    1630568               Luka Garza 1610612738       BOS       Boston       Celtics   celtics                             14.400000    5    6   0.833     2     2    1.000    1    1   1.000   13    4    0    0    0          0   6     1     3         -14   -0.449 2025-26
2025-11-16 22500233    1631169              Josh Minott 1610612738       BOS       Boston       Celtics   celtics                             11.483333    0    1   0.000     0     1    0.000    0    0   0.000    0    1    1    0    0          0   1     1     0         -13   -6.936 2025-26
2025-11-16 22500233    1630573               Sam Hauser 1610612738       BOS       Boston       Celtics   celtics                              6.750000    0    3   0.000     0     3    0.000    0    0   0.000    0    2    1    0    0          1   1     1     1         -16   -8.287 2025-26
2025-11-16 22500233    1631248        Baylor Scheierman 1610612738       BOS       Boston       Celtics   celtics                             18.183333    1    3   0.333     1     2    0.500    0    0   0.000    3    2    2    0    1          1   1     0     2          12   -3.510 2025-26
2025-11-16 22500234     203897              Zach LaVine 1610612758       SAC   Sacramento         Kings     kings        F                    24.566667    3    7   0.429     1     4    0.250    1    1   1.000    8    2    3    1    0          2   2     2     0          -7   -2.779 2025-26
2025-11-16 22500234     201942            DeMar DeRozan 1610612758       SAC   Sacramento         Kings     kings        F                    39.066667   12   15   0.800     1     1    1.000    2    2   1.000   27    2    4    2    0          1   4     1     1         -23    7.581 2025-26
2025-11-16 22500234    1627734         Domantas Sabonis 1610612758       SAC   Sacramento         Kings     kings        C                    36.183333    7   14   0.500     0     1    0.000    3    4   0.750   17   13    5    3    0          3   3    10     3          -7    7.018 2025-26
2025-11-16 22500234    1631165               Keon Ellis 1610612758       SAC   Sacramento         Kings     kings        G                    14.800000    1    3   0.333     0     2    0.000    0    0   0.000    2    1    0    0    0          0   1     1     0         -14   -7.102 2025-26
2025-11-16 22500234     201566        Russell Westbrook 1610612758       SAC   Sacramento         Kings     kings        G                    34.683333    4   11   0.364     3     6    0.500    3    6   0.500   14    9    7    2    0          5   2     8     1          -3    1.661 2025-26
2025-11-16 22500234    1628370               Malik Monk 1610612758       SAC   Sacramento         Kings     kings                             28.133333    5   17   0.294     2     7    0.286    4    4   1.000   16    2    1    1    0          1   1     2     0           3   -1.294 2025-26
2025-11-16 22500234    1642363           Nique Clifford 1610612758       SAC   Sacramento         Kings     kings                             10.950000    0    3   0.000     0     2    0.000    1    2   0.500    1    0    0    0    1          0   1     0     0          -6   -6.529 2025-26
2025-11-16 22500234     203471          Dennis Schröder 1610612758       SAC   Sacramento         Kings     kings                             35.216667    8   13   0.615     5     8    0.625    1    1   1.000   22    6    5    1    0          0   3     6     0          -5    9.596 2025-26
2025-11-16 22500234    1629234             Drew Eubanks 1610612758       SAC   Sacramento         Kings     kings                             11.816667    1    2   0.500     0     0    0.000    0    0   0.000    2    1    0    0    2          0   0     1     0          -6   -2.370 2025-26
2025-11-16 22500234    1630173         Precious Achiuwa 1610612758       SAC   Sacramento         Kings     kings                              4.583333    0    2   0.000     0     2    0.000    1    2   0.500    1    1    0    0    0          0   0     1     0           3   -8.067 2025-26
2025-11-16 22500234    1630170            Devin Vassell 1610612759       SAS  San Antonio         Spurs     spurs        F                    33.900000    6   14   0.429     0     4    0.000    4    4   1.000   16    3    7    2    0          1   1     3     0          12    3.976 2025-26
2025-11-16 22500234     203084          Harrison Barnes 1610612759       SAS  San Antonio         Spurs     spurs        F                    30.200000    7   11   0.636     3     6    0.500    3    4   0.750   20    2    3    2    0          0   0     2     0          16    7.007 2025-26
2025-11-16 22500234    1628436              Luke Kornet 1610612759       SAS  San Antonio         Spurs     spurs        C                    27.633333    5    5   1.000     0     0    0.000    3    4   0.750   13   11    1    0    3          2   2     7     4          13    5.063 2025-26
2025-11-16 22500234    1642264           Stephon Castle 1610612759       SAS  San Antonio         Spurs     spurs        G                    15.566667    1    4   0.250     1     2    0.500    1    2   0.500    4    0    5    1    0          3   2     0     0          -3   -5.466 2025-26
2025-11-16 22500234    1628368             De'Aaron Fox 1610612759       SAS  San Antonio         Spurs     spurs        G                    34.566667   11   20   0.550     4     8    0.500    2    2   1.000   28    2   11    1    0          2   1     2     0          20    8.376 2025-26
2025-11-16 22500234     202687          Bismack Biyombo 1610612759       SAS  San Antonio         Spurs     spurs                              1.916667    0    0   0.000     0     0    0.000    0    0   0.000    0    1    0    0    1          0   0     1     0          -1   -4.905 2025-26
2025-11-16 22500234    1630577        Julian Champagnie 1610612759       SAS  San Antonio         Spurs     spurs                             26.150000    4    9   0.444     3     7    0.429    1    1   1.000   12    2    0    1    0          1   1     2     0          10   -0.347 2025-26
2025-11-16 22500234    1629640           Keldon Johnson 1610612759       SAS  San Antonio         Spurs     spurs                             22.816667    7   11   0.636     0     4    0.000    0    0   0.000   14   12    1    0    0          0   3    10     2           8    0.783 2025-26
2025-11-16 22500234    1631110            Jeremy Sochan 1610612759       SAS  San Antonio         Spurs     spurs                             22.216667    4    5   0.800     2     3    0.667    1    1   1.000   11    5    2    0    0          2   4     4     1          -4   -2.045 2025-26
2025-11-16 22500234     203482             Kelly Olynyk 1610612759       SAS  San Antonio         Spurs     spurs                             18.450000    2    5   0.400     1     1    1.000    0    0   0.000    5    6    8    0    0          2   2     4     2           1   -2.130 2025-26
2025-11-16 22500234    1642868            Carter Bryant 1610612759       SAS  San Antonio         Spurs     spurs                              6.583333    0    3   0.000     0     3    0.000    0    0   0.000    0    2    0    0    0          1   1     2     0          -7   -8.765 2025-26
2025-11-16 22500235    1629008       Michael Porter Jr. 1610612751       BKN     Brooklyn          Nets      nets        F                    33.933333   11   18   0.611     3     8    0.375    9   10   0.900   34    9    7    0    0          2   2     9     0          17    7.976 2025-26
2025-11-16 22500235    1641730             Noah Clowney 1610612751       BKN     Brooklyn          Nets      nets        F                    29.733333    4    6   0.667     4     6    0.667    0    4   0.000   12    4    1    1    1          1   2     4     0          16    1.790 2025-26
2025-11-16 22500235    1629651              Nic Claxton 1610612751       BKN     Brooklyn          Nets      nets        C                    30.183333    5    7   0.714     0     0    0.000    7    9   0.778   17    8    7    0    4          2   2     7     1          14    9.193 2025-26
2025-11-16 22500235    1629611             Terance Mann 1610612751       BKN     Brooklyn          Nets      nets        G                    29.116667    2    8   0.250     2     5    0.400    4    4   1.000   10    7    3    0    0          2   2     5     2          10   -2.231 2025-26
2025-11-16 22500235    1642856               Egor Dëmin 1610612751       BKN     Brooklyn          Nets      nets        G                    19.733333    2    5   0.400     1     3    0.333    0    0   0.000    5    1    5    1    0          1   2     0     1          -3   -1.749 2025-26
2025-11-16 22500235    1631213            Tyrese Martin 1610612751       BKN     Brooklyn          Nets      nets                             26.016667    8   12   0.667     3     6    0.500    1    1   1.000   20    2    4    1    2          2   1     0     2          26    7.525 2025-26
2025-11-16 22500235    1630533          Ziaire Williams 1610612751       BKN     Brooklyn          Nets      nets                             30.050000    3    7   0.429     2     6    0.333    5    5   1.000   13    4    0    0    1          1   3     4     0          13    0.102 2025-26
2025-11-16 22500235    1630549           Day'Ron Sharpe 1610612751       BKN     Brooklyn          Nets      nets                             15.550000    2    4   0.500     0     0    0.000    2    2   1.000    6    5    3    0    0          2   2     4     1           9   -5.044 2025-26
2025-11-16 22500235    1642962             Drake Powell 1610612751       BKN     Brooklyn          Nets      nets                             18.883333    3    6   0.500     0     1    0.000    0    0   0.000    6    4    2    1    0          1   1     4     0          13   -2.581 2025-26
2025-11-16 22500235    1630592             Jalen Wilson 1610612751       BKN     Brooklyn          Nets      nets                              2.266667    1    1   1.000     1     1    1.000    0    0   0.000    3    0    0    0    0          0   0     0     0           0   -5.735 2025-26
2025-11-16 22500235    1630623            Tyson Etienne 1610612751       BKN     Brooklyn          Nets      nets                              2.266667    1    3   0.333     1     3    0.333    0    0   0.000    3    0    0    0    0          0   0     0     0           0   -6.309 2025-26
2025-11-16 22500235    1630604             E.J. Liddell 1610612751       BKN     Brooklyn          Nets      nets                              2.266667    0    2   0.000     0     2    0.000    0    0   0.000    0    0    0    0    0          0   1     0     0           0   -8.099 2025-26
2025-11-16 22500235    1642273           Kyshawn George 1610612764       WAS   Washington       Wizards   wizards        F                    31.733333    9   16   0.563     5    10    0.500    6    7   0.857   29    6    5    0    0          4   6     6     0         -15    3.487 2025-26
2025-11-16 22500235     203114          Khris Middleton 1610612764       WAS   Washington       Wizards   wizards        F                    27.366667    4    7   0.571     1     3    0.333    5    5   1.000   14    5    2    1    0          1   2     5     0           3    1.558 2025-26
2025-11-16 22500235    1642259                Alex Sarr 1610612764       WAS   Washington       Wizards   wizards        C                    23.100000    4   12   0.333     1     3    0.333    0    0   0.000    9    3    1    0    0          0   6     2     1          -2   -4.557 2025-26
2025-11-16 22500235    1641731          Bilal Coulibaly 1610612764       WAS   Washington       Wizards   wizards        G                    27.583333    2    6   0.333     0     0    0.000    2    2   1.000    6    3    4    2    2          0   1     3     0          -1    6.123 2025-26
2025-11-16 22500235     203468              CJ McCollum 1610612764       WAS   Washington       Wizards   wizards        G                    32.150000    6   12   0.500     3     7    0.429    2    2   1.000   17    2    3    2    0          1   3     1     1           0    5.026 2025-26
2025-11-16 22500235    1642848              Tre Johnson 1610612764       WAS   Washington       Wizards   wizards                             17.000000    3    9   0.333     0     4    0.000    0    0   0.000    6    0    1    0    0          1   3     0     0         -25   -8.146 2025-26
2025-11-16 22500235    1641715             Cam Whitmore 1610612764       WAS   Washington       Wizards   wizards                             13.150000    2    5   0.400     1     1    1.000    1    1   1.000    6    2    1    0    0          1   1     1     1         -13   -5.506 2025-26
2025-11-16 22500235    1642267           Bub Carrington 1610612764       WAS   Washington       Wizards   wizards                             20.133333    2    5   0.400     1     3    0.333    0    0   0.000    5    4    3    1    0          0   1     4     0         -25   -0.335 2025-26
2025-11-16 22500235    1628963        Marvin Bagley III 1610612764       WAS   Washington       Wizards   wizards                             16.750000    1    3   0.333     0     0    0.000    2    3   0.667    4    3    1    0    0          1   1     3     0          -6   -6.977 2025-26
2025-11-16 22500235    1630557            Corey Kispert 1610612764       WAS   Washington       Wizards   wizards                             15.166667    2    4   0.500     0     2    0.000    0    0   0.000    4    2    0    1    0          0   1     2     0          -8   -3.471 2025-26
2025-11-16 22500235    1630551        Justin Champagnie 1610612764       WAS   Washington       Wizards   wizards                              6.516667    1    3   0.333     0     1    0.000    2    2   1.000    4    0    0    0    0          0   0     0     0         -15   -6.719 2025-26
2025-11-16 22500235    1641774         Tristan Vukcevic 1610612764       WAS   Washington       Wizards   wizards                              6.616667    1    1   1.000     0     0    0.000    0    0   0.000    2    2    0    0    1          1   0     2     0          -8   -5.084 2025-26
2025-11-16 22500235    1642358               AJ Johnson 1610612764       WAS   Washington       Wizards   wizards                              2.733333    0    1   0.000     0     0    0.000    0    0   0.000    0    1    0    0    0          0   0     1     0           0   -7.414 2025-26
2025-11-16 22500236    1641783         Tristan da Silva 1610612753       ORL      Orlando         Magic     magic        F                    40.366667    5   10   0.500     2     6    0.333    1    2   0.500   13    6    2    3    1          0   1     5     1           5    9.521 2025-26
2025-11-16 22500236    1630532             Franz Wagner 1610612753       ORL      Orlando         Magic     magic        F                    42.833333    8   21   0.381     3     8    0.375   10   13   0.769   29    5    4    2    0          2   2     5     0           2    5.568 2025-26
2025-11-16 22500236    1628976       Wendell Carter Jr. 1610612753       ORL      Orlando         Magic     magic        C                    37.416667    5   11   0.455     2     4    0.500    3    4   0.750   15    6    2    1    4          1   6     4     2           3   10.245 2025-26
2025-11-16 22500236    1630217             Desmond Bane 1610612753       ORL      Orlando         Magic     magic        G                    44.250000    9   20   0.450     2     7    0.286    6    6   1.000   26    4    4    1    1          3   3     2     2          -9    4.275 2025-26
2025-11-16 22500236    1641710            Anthony Black 1610612753       ORL      Orlando         Magic     magic        G                    35.766667    7   14   0.500     1     5    0.200    3    5   0.600   18    3    4    1    1          2   5     3     0           2    1.126 2025-26
2025-11-16 22500236    1629048             Goga Bitadze 1610612753       ORL      Orlando         Magic     magic                             15.550000    1    2   0.500     0     0    0.000    2    4   0.500    4    4    1    1    1          0   3     1     3          -7   -1.018 2025-26
2025-11-16 22500236    1641724              Jett Howard 1610612753       ORL      Orlando         Magic     magic                             19.650000    2    6   0.333     1     3    0.333    0    0   0.000    5    2    2    1    1          0   1     2     0          -4    0.325 2025-26
2025-11-16 22500236    1626145               Tyus Jones 1610612753       ORL      Orlando         Magic     magic                             15.333333    0    4   0.000     0     2    0.000    0    0   0.000    0    2    2    1    0          0   0     2     0          -8   -4.287 2025-26
2025-11-16 22500236    1628371           Jonathan Isaac 1610612753       ORL      Orlando         Magic     magic                             13.833333    1    3   0.333     1     2    0.500    0    0   0.000    3    6    0    0    0          0   1     5     1          -4   -3.919 2025-26
2025-11-16 22500236     201142             Kevin Durant 1610612745       HOU      Houston       Rockets   rockets        F                    45.083333   13   24   0.542     2     8    0.250    7    7   1.000   35    5    6    0    1          5   2     5     0           4    3.441 2025-26
2025-11-16 22500236    1631095         Jabari Smith Jr. 1610612745       HOU      Houston       Rockets   rockets        F                    43.150000    4    9   0.444     2     4    0.500    0    0   0.000   10   10    0    1    1          1   6     9     1          -4    3.481 2025-26
2025-11-16 22500236    1630578           Alperen Sengun 1610612745       HOU      Houston       Rockets   rockets        C                    44.600000   11   31   0.355     0     1    0.000    8   10   0.800   30   12    8    0    2          5   5     4     8           5    2.124 2025-26
2025-11-16 22500236    1641708            Amen Thompson 1610612745       HOU      Houston       Rockets   rockets        G                    38.800000    4   13   0.308     0     1    0.000    4    4   1.000   12   10    2    0    0          1   2     8     2           7   -2.378 2025-26
2025-11-16 22500236    1629006              Josh Okogie 1610612745       HOU      Houston       Rockets   rockets        G                    21.783333    0    0   0.000     0     0    0.000    1    2   0.500    1    2    1    2    0          0   1     2     0         -18   -1.353 2025-26
2025-11-16 22500236    1628988            Aaron Holiday 1610612745       HOU      Houston       Rockets   rockets                             15.583333    3    4   0.750     2     2    1.000    2    2   1.000   10    1    0    0    0          0   0     1     0           9   -2.452 2025-26
2025-11-16 22500236     203500             Steven Adams 1610612745       HOU      Houston       Rockets   rockets                             27.250000    1    8   0.125     0     0    0.000    1    2   0.500    3   13    0    0    0          2   3     5     8          -2   -6.472 2025-26
2025-11-16 22500236    1642263            Reed Sheppard 1610612745       HOU      Houston       Rockets   rockets                             28.766667    6   11   0.545     2     4    0.500    2    2   1.000   16    7    2    1    0          0   4     7     0          19    4.177 2025-26
2025-11-16 22500237    1642954             Will Richard 1610612744       GSW Golden State      Warriors  warriors        F                    22.216667    4    9   0.444     1     5    0.200    0    0   0.000    9    7    1    0    0          2   1     2     5          11   -4.457 2025-26
2025-11-16 22500237     202710         Jimmy Butler III 1610612744       GSW Golden State      Warriors  warriors        F                    31.250000    6    8   0.750     1     1    1.000    5    5   1.000   18    3   10    3    0          6   2     2     1          21    5.458 2025-26
2025-11-16 22500237     203110           Draymond Green 1610612744       GSW Golden State      Warriors  warriors        C                    24.783333    3   13   0.231     2     5    0.400    0    0   0.000    8   10    6    2    1          5   4     6     4          23    2.249 2025-26
2025-11-16 22500237    1630541              Moses Moody 1610612744       GSW Golden State      Warriors  warriors        G                    33.066667   10   16   0.625     8    12    0.667    4    5   0.800   32    4    0    3    1          1   2     3     1          22   17.619 2025-26
2025-11-16 22500237     201939            Stephen Curry 1610612744       GSW Golden State      Warriors  warriors        G                    28.116667    2   11   0.182     1     6    0.167    4    5   0.800    9    5    3    0    0          4   3     4     1          18   -8.187 2025-26
2025-11-16 22500237    1627780           Gary Payton II 1610612744       GSW Golden State      Warriors  warriors                             12.050000    0    2   0.000     0     1    0.000    0    0   0.000    0    3    0    1    2          0   4     2     1           1    0.172 2025-26
2025-11-16 22500237     201143               Al Horford 1610612744       GSW Golden State      Warriors  warriors                             20.183333    2    5   0.400     2     5    0.400    0    0   0.000    6    2    6    2    0          1   0     1     1          -1    2.950 2025-26
2025-11-16 22500237    1627741              Buddy Hield 1610612744       GSW Golden State      Warriors  warriors                             19.850000    4    8   0.500     3     6    0.500    0    0   0.000   11    2    2    3    0          1   1     2     0           2    5.772 2025-26
2025-11-16 22500237    1641764       Brandin Podziemski 1610612744       GSW Golden State      Warriors  warriors                             25.783333    8   13   0.615     3     7    0.429    0    0   0.000   19    3    3    0    0          0   1     3     0           7    2.040 2025-26
2025-11-16 22500237    1642366             Quinten Post 1610612744       GSW Golden State      Warriors  warriors                             10.233333    1    4   0.250     1     4    0.250    1    2   0.500    4    7    0    0    0          0   1     6     1          -2   -4.172 2025-26
2025-11-16 22500237    1630311              Pat Spencer 1610612744       GSW Golden State      Warriors  warriors                              4.716667    1    1   1.000     1     1    1.000    0    0   0.000    3    0    2    0    0          1   0     0     0          -4   -5.955 2025-26
2025-11-16 22500237    1630611               Gui Santos 1610612744       GSW Golden State      Warriors  warriors                              4.716667    1    3   0.333     1     3    0.333    0    0   0.000    3    0    0    0    0          0   2     0     0          -4   -6.309 2025-26
2025-11-16 22500237    1631218     Trayce Jackson-Davis 1610612744       GSW Golden State      Warriors  warriors                              3.033333    1    1   1.000     0     0    0.000    0    0   0.000    2    1    1    0    0          0   2     0     1          -4   -6.049 2025-26
2025-11-16 22500237    1630530          Trey Murphy III 1610612740       NOP  New Orleans      Pelicans  pelicans        F                    31.150000    6   13   0.462     2     6    0.333    6    6   1.000   20    8    2    3    0          5   3     7     1         -10    4.951 2025-26
2025-11-16 22500237    1630180               Saddiq Bey 1610612740       NOP  New Orleans      Pelicans  pelicans        F                    28.783333    4   10   0.400     2     5    0.400    1    2   0.500   11    7    1    2    0          2   1     4     3         -15    1.347 2025-26
2025-11-16 22500237    1642852              Derik Queen 1610612740       NOP  New Orleans      Pelicans  pelicans        C                    24.566667    2    4   0.500     0     0    0.000    5    6   0.833    9    7    6    0    2          1   2     7     0         -11    3.222 2025-26
2025-11-16 22500237    1630529            Herbert Jones 1610612740       NOP  New Orleans      Pelicans  pelicans        G                    28.716667    2    7   0.286     0     3    0.000    2    2   1.000    6    2    1    2    0          2   4     2     0         -22   -2.792 2025-26
2025-11-16 22500237    1642847           Jeremiah Fears 1610612740       NOP  New Orleans      Pelicans  pelicans        G                    25.150000    7   14   0.500     0     0    0.000    3    4   0.750   17    5    1    0    1          4   2     3     2         -14   -4.932 2025-26
2025-11-16 22500237    1630631            Jose Alvarado 1610612740       NOP  New Orleans      Pelicans  pelicans                             25.233333    6   12   0.500     3     8    0.375    3    3   1.000   18    1    3    0    0          4   0     1     0          -1   -3.775 2025-26
2025-11-16 22500237    1642274               Yves Missi 1610612740       NOP  New Orleans      Pelicans  pelicans                             24.750000    4    8   0.500     0     0    0.000    0    2   0.000    8    7    2    1    1          1   1     1     6          -3   -0.362 2025-26
2025-11-16 22500237    1631255           Karlo Matković 1610612740       NOP  New Orleans      Pelicans  pelicans                             20.016667    2    3   0.667     0     1    0.000    0    0   0.000    4    2    3    2    0          1   1     1     1          -3   -0.293 2025-26
2025-11-16 22500237    1641722           Jordan Hawkins 1610612740       NOP  New Orleans      Pelicans  pelicans                             14.750000    2    6   0.333     1     5    0.200    0    0   0.000    5    4    2    0    0          0   2     2     2          -6   -3.732 2025-26
2025-11-16 22500237    1631121           Bryce McGowens 1610612740       NOP  New Orleans      Pelicans  pelicans                             12.583333    3    6   0.500     0     1    0.000    2    4   0.500    8    1    0    1    0          0   0     1     0          -7   -4.288 2025-26
2025-11-16 22500237    1642877              Micah Peavy 1610612740       NOP  New Orleans      Pelicans  pelicans                              4.300000    0    0   0.000     0     0    0.000    0    0   0.000    0    1    1    0    0          0   0     1     0           2   -6.649 2025-26
2025-11-16 22500238     203924             Jerami Grant 1610612757       POR     Portland Trail Blazers   blazers        F                    39.383333    7   20   0.350     4     9    0.444    8   10   0.800   26    5    2    0    0          1   4     3     2          -7    1.094 2025-26
2025-11-16 22500238    1641739           Toumani Camara 1610612757       POR     Portland Trail Blazers   blazers        F                    40.516667    5   13   0.385     1     7    0.143    0    0   0.000   11   10    3    1    0          2   4     6     4          -4    0.072 2025-26
2025-11-16 22500238    1642270          Donovan Clingan 1610612757       POR     Portland Trail Blazers   blazers        C                    27.900000    6   11   0.545     2     6    0.333    2    2   1.000   16   11    2    0    2          0   4     4     7          -9    7.583 2025-26
2025-11-16 22500238    1631101           Shaedon Sharpe 1610612757       POR     Portland Trail Blazers   blazers        G                    38.516667   12   32   0.375     3     9    0.333    9   11   0.818   36    4    6    1    0          3   5     2     2          -3    3.078 2025-26
2025-11-16 22500238    1630166              Deni Avdija 1610612757       POR     Portland Trail Blazers   blazers        G                    39.116667   10   20   0.500     2     7    0.286    7    7   1.000   29    6    7    0    2          4   6     4     2         -11    6.199 2025-26
2025-11-16 22500238    1631200              Kris Murray 1610612757       POR     Portland Trail Blazers   blazers                             32.216667    2    2   1.000     2     2    1.000    0    0   0.000    6    5    2    3    0          0   2     3     2          -1    6.899 2025-26
2025-11-16 22500238    1631321             Sidy Cissoko 1610612757       POR     Portland Trail Blazers   blazers                             11.683333    0    2   0.000     0     1    0.000    1    2   0.500    1    2    1    0    0          1   3     1     1           0   -8.366 2025-26
2025-11-16 22500238    1629057      Robert Williams III 1610612757       POR     Portland Trail Blazers   blazers                             16.633333    3    5   0.600     0     0    0.000    0    0   0.000    6    5    1    2    1          0   1     3     2           5    3.656 2025-26
2025-11-16 22500238    1631126               Caleb Love 1610612757       POR     Portland Trail Blazers   blazers                             14.250000    1    6   0.167     0     4    0.000    0    0   0.000    2    2    2    1    0          0   1     2     0          -1   -3.973 2025-26
2025-11-16 22500238    1641712             Rayan Rupert 1610612757       POR     Portland Trail Blazers   blazers                              4.766667    0    2   0.000     0     2    0.000    0    0   0.000    0    3    0    0    0          0   2     3     0           6   -6.904 2025-26
2025-11-16 22500238    1642843             Cooper Flagg 1610612742       DAL       Dallas     Mavericks mavericks        F                    37.100000    9   16   0.563     1     3    0.333    2    3   0.667   21    8    5    1    2          0   3     6     2          10    9.743 2025-26
2025-11-16 22500238    1629023          P.J. Washington 1610612742       DAL       Dallas     Mavericks mavericks        F                    38.333333    7   16   0.438     5     7    0.714    2    4   0.500   21    7    2    1    0          5   1     6     1           4   -0.184 2025-26
2025-11-16 22500238    1629655           Daniel Gafford 1610612742       DAL       Dallas     Mavericks mavericks        C                    31.183333    6    8   0.750     0     0    0.000    8   10   0.800   20    6    2    1    3          0   4     3     3          11    9.756 2025-26
2025-11-16 22500238    1631108             Max Christie 1610612742       DAL       Dallas     Mavericks mavericks        G                    28.316667    4    7   0.571     3     6    0.500    3    4   0.750   14    4    4    1    0          1   0     4     0          -2    2.962 2025-26
2025-11-16 22500238    1630314         Brandon Williams 1610612742       DAL       Dallas     Mavericks mavericks        G                    30.733333    5   10   0.500     0     1    0.000    5    6   0.833   15    3    6    1    0          1   1     2     1           4    0.755 2025-26
2025-11-16 22500238    1641726         Dereck Lively II 1610612742       DAL       Dallas     Mavericks mavericks                             11.866667    1    2   0.500     0     0    0.000    0    0   0.000    2    3    1    0    2          2   6     2     1          -7   -3.448 2025-26
2025-11-16 22500238    1630230            Naji Marshall 1610612742       DAL       Dallas     Mavericks mavericks                             27.066667    3    6   0.500     0     2    0.000    3    6   0.500    9    9    3    2    0          2   1     6     3          -8    0.248 2025-26
2025-11-16 22500238    1626156         D'Angelo Russell 1610612742       DAL       Dallas     Mavericks mavericks                             22.266667    4   11   0.364     1     4    0.250    3    4   0.750   12    2    7    0    0          2   0     2     0           1   -3.731 2025-26
2025-11-16 22500238     202691            Klay Thompson 1610612742       DAL       Dallas     Mavericks mavericks                             25.666667    7   16   0.438     5    11    0.455    0    0   0.000   19    3    2    0    1          1   2     2     1          11    3.251 2025-26
2025-11-16 22500238    1630619             Moussa Cisse 1610612742       DAL       Dallas     Mavericks mavericks                              7.400000    2    3   0.667     0     0    0.000    1    3   0.333    5    1    0    0    1          0   2     0     1          -3   -5.115 2025-26
2025-11-16 22500238    1628997             Caleb Martin 1610612742       DAL       Dallas     Mavericks mavericks                              5.066667    0    0   0.000     0     0    0.000    0    0   0.000    0    1    1    0    0          0   2     1     0           4   -6.649 2025-26
2025-11-16 22500239    1642258       Zaccharie Risacher 1610612737       ATL      Atlanta         Hawks     hawks        F                    26.100000    6   13   0.462     3     8    0.375    0    0   0.000   15    3    4    2    0          1   1     3     0           3    4.839 2025-26
2025-11-16 22500239    1630552            Jalen Johnson 1610612737       ATL      Atlanta         Hawks     hawks        F                    39.450000    9   13   0.692     2     3    0.667    5    6   0.833   25   10    7    1    0          5   1     8     2          21    4.381 2025-26
2025-11-16 22500239    1630168           Onyeka Okongwu 1610612737       ATL      Atlanta         Hawks     hawks        C                    37.183333    9   15   0.600     3     9    0.333    6    6   1.000   27    4    5    2    2          2   3     4     0          -5   13.408 2025-26
2025-11-16 22500239    1630700            Dyson Daniels 1610612737       ATL      Atlanta         Hawks     hawks        G                    36.650000    5    6   0.833     0     1    0.000    1    1   1.000   11    7   12    3    0          4   4     3     4          11    7.295 2025-26
2025-11-16 22500239    1629638 Nickeil Alexander-Walker 1610612737       ATL      Atlanta         Hawks     hawks        G                    35.266667    9   18   0.500     3     9    0.333    5    7   0.714   26    3    4    2    0          2   2     2     1          22    5.323 2025-26
2025-11-16 22500239    1628379             Luke Kennard 1610612737       ATL      Atlanta         Hawks     hawks                             11.583333    0    2   0.000     0     2    0.000    0    0   0.000    0    1    0    0    0          0   0     1     0          -4   -7.701 2025-26
2025-11-16 22500239    1631243           Mouhamed Gueye 1610612737       ATL      Atlanta         Hawks     hawks                             10.383333    0    2   0.000     0     2    0.000    0    0   0.000    0    1    0    0    0          1   3     0     1         -16   -8.877 2025-26
2025-11-16 22500239    1630249               Vít Krejčí 1610612737       ATL      Atlanta         Hawks     hawks                             21.900000    3    7   0.429     1     5    0.200    0    0   0.000    7    3    2    0    1          1   3     3     0          -1   -2.482 2025-26
2025-11-16 22500239    1630811           Keaton Wallace 1610612737       ATL      Atlanta         Hawks     hawks                             12.466667    2    4   0.500     1     2    0.500    0    0   0.000    5    1    1    1    0          1   1     1     0         -25   -3.377 2025-26
2025-11-16 22500239    1642854               Asa Newell 1610612737       ATL      Atlanta         Hawks     hawks                              9.016667    2    5   0.400     1     2    0.500    3    4   0.750    8    1    0    0    0          0   1     0     1           4   -5.182 2025-26
2025-11-16 22500239    1642346                Ryan Dunn 1610612756       PHX      Phoenix          Suns      suns        F                    23.933333    4    9   0.444     2     4    0.500    2    2   1.000   12    4    4    2    0          1   4     1     3         -24    4.195 2025-26
2025-11-16 22500239    1626220            Royce O'Neale 1610612756       PHX      Phoenix          Suns      suns        F                    24.933333    1    9   0.111     1     6    0.167    0    0   0.000    3    6    1    0    0          0   1     4     2         -18   -5.160 2025-26
2025-11-16 22500239    1631109            Mark Williams 1610612756       PHX      Phoenix          Suns      suns        C                    28.100000    4    5   0.800     0     0    0.000    0    0   0.000    8    4    1    0    0          2   4     3     1         -15   -5.694 2025-26
2025-11-16 22500239    1628415            Dillon Brooks 1610612756       PHX      Phoenix          Suns      suns        G                    35.533333   14   25   0.560     3     7    0.429    3    3   1.000   34    6    1    3    0          3   5     5     1          -2    9.697 2025-26
2025-11-16 22500239    1626164             Devin Booker 1610612756       PHX      Phoenix          Suns      suns        G                    37.600000   10   23   0.435     0     6    0.000    7    7   1.000   27    2    7    1    1          5   4     1     1         -17    0.599 2025-26
2025-11-16 22500239    1631221         Collin Gillespie 1610612756       PHX      Phoenix          Suns      suns                             31.850000    5   13   0.385     1     3    0.333    4    4   1.000   15    8    7    2    0          2   2     5     3          18    5.382 2025-26
2025-11-16 22500239    1630208            Nick Richards 1610612756       PHX      Phoenix          Suns      suns                             13.883333    1    2   0.500     0     0    0.000    1    2   0.500    3    5    0    0    1          2   2     3     2          16   -5.717 2025-26
2025-11-16 22500239    1630587            Isaiah Livers 1610612756       PHX      Phoenix          Suns      suns                             17.150000    2    2   1.000     2     2    1.000    0    0   0.000    6    5    0    0    0          0   0     5     0          20   -1.953 2025-26
2025-11-16 22500239    1630692           Jordan Goodwin 1610612756       PHX      Phoenix          Suns      suns                             21.766667    6    9   0.667     1     2    0.500    1    1   1.000   14    7    2    1    0          1   1     4     3          14    1.997 2025-26
2025-11-16 22500239    1642345             Oso Ighodaro 1610612756       PHX      Phoenix          Suns      suns                              5.250000    0    0   0.000     0     0    0.000    0    0   0.000    0    0    0    0    1          1   1     0     0          -2   -6.480 2025-26
2025-11-16 22500240    1630171              Isaac Okoro 1610612741       CHI      Chicago         Bulls     bulls        F                    40.366667    2    7   0.286     1     3    0.333    0    0   0.000    5    6    3    1    1          1   4     3     3         -15    0.936 2025-26
2025-11-16 22500240    1641824            Matas Buzelis 1610612741       CHI      Chicago         Bulls     bulls        F                    33.233333    7   13   0.538     2     5    0.400    2    3   0.667   18    6    1    1    2          0   6     4     2           3    7.302 2025-26
2025-11-16 22500240     202696           Nikola Vučević 1610612741       CHI      Chicago         Bulls     bulls        C                    41.400000    8   17   0.471     3     8    0.375    2    2   1.000   21   12    2    0    3          0   3    12     0          -3   11.455 2025-26
2025-11-16 22500240    1628989            Kevin Huerter 1610612741       CHI      Chicago         Bulls     bulls        G                    32.516667    2    8   0.250     0     2    0.000    2    2   1.000    6    8    2    1    1          1   3     6     2           7    0.556 2025-26
2025-11-16 22500240    1630581              Josh Giddey 1610612741       CHI      Chicago         Bulls     bulls        G                    42.300000    9   21   0.429     2     7    0.286    6    7   0.857   26   13   13    2    2          6   2    11     2          -3   12.454 2025-26
2025-11-16 22500240    1629632               Coby White 1610612741       CHI      Chicago         Bulls     bulls                             30.316667    5   14   0.357     3     8    0.375   14   14   1.000   27    4    8    1    0          3   3     4     0           6    6.453 2025-26
2025-11-16 22500240    1630245              Ayo Dosunmu 1610612741       CHI      Chicago         Bulls     bulls                             25.816667    6   10   0.600     2     4    0.500    4    4   1.000   18    1    5    0    0          3   3     1     0          -2   -1.869 2025-26
2025-11-16 22500240    1630172         Patrick Williams 1610612741       CHI      Chicago         Bulls     bulls                             14.150000    3    5   0.600     2     3    0.667    0    0   0.000    8    1    1    1    0          2   1     1     0          -7   -2.762 2025-26
2025-11-16 22500240    1641763          Julian Phillips 1610612741       CHI      Chicago         Bulls     bulls                             13.316667    4    5   0.800     2     3    0.667    0    0   0.000   10    1    0    0    0          0   2     1     0          -1   -2.633 2025-26
2025-11-16 22500240    1630188              Jalen Smith 1610612741       CHI      Chicago         Bulls     bulls                             16.600000    3    8   0.375     2     7    0.286    0    0   0.000    8    8    3    0    1          1   2     5     3           0    0.891 2025-26
2025-11-16 22500240    1629004           Svi Mykhailiuk 1610612762       UTA         Utah          Jazz      jazz        F                    28.650000    4    6   0.667     2     3    0.667    0    0   0.000   10    0    3    0    1          0   2     0     0         -11    0.341 2025-26
2025-11-16 22500240    1628374          Lauri Markkanen 1610612762       UTA         Utah          Jazz      jazz        F                    46.366667   15   33   0.455     6    17    0.353   11   13   0.846   47    7    2    2    2          1   3     5     2           4   18.524 2025-26
2025-11-16 22500240     203994             Jusuf Nurkić 1610612762       UTA         Utah          Jazz      jazz        C                    38.033333    2    6   0.333     0     1    0.000    1    2   0.500    5   14    5    3    1          1   4    11     3           9    9.071 2025-26
2025-11-16 22500240    1642846               Ace Bailey 1610612762       UTA         Utah          Jazz      jazz        G                    10.433333    2    5   0.400     1     3    0.333    0    0   0.000    5    1    0    0    1          0   6     0     1           8   -3.375 2025-26
2025-11-16 22500240    1641718           Keyonte George 1610612762       UTA         Utah          Jazz      jazz        G                    43.966667   10   27   0.370     3    10    0.300   10   10   1.000   33    2    6    4    0          4   2     2     0           0   10.558 2025-26
2025-11-16 22500240     201567               Kevin Love 1610612762       UTA         Utah          Jazz      jazz                             18.450000    3    8   0.375     2     6    0.333    2    2   1.000   10    8    2    0    1          0   0     7     1           0    2.369 2025-26
2025-11-16 22500240    1642262            Cody Williams 1610612762       UTA         Utah          Jazz      jazz                             18.666667    0    4   0.000     0     2    0.000    0    0   0.000    0    2    0    0    0          0   3     1     1           4   -7.876 2025-26
2025-11-16 22500240    1642271          Kyle Filipowski 1610612762       UTA         Utah          Jazz      jazz                             21.116667    4    7   0.571     0     0    0.000    0    1   0.000    8    9    1    1    0          0   1     8     1          -1   -0.049 2025-26
2025-11-16 22500240    1642268           Isaiah Collier 1610612762       UTA         Utah          Jazz      jazz                             36.500000    4    6   0.667     0     0    0.000    8   11   0.727   16    4    9    2    0          3   3     4     0           0    2.786 2025-26
2025-11-16 22500240    1641729         Brice Sensabaugh 1610612762       UTA         Utah          Jazz      jazz                             27.816667    5    9   0.556     4     7    0.571    2    2   1.000   16    6    1    1    0          0   4     3     3           2    5.374 2025-26
Dropping columns not present in fantasy-survivor-app:nba_data.player_daily_game_stats_p: ['comment', 'jersey_num', 'plus_minus', 'position', 'team_abbr', 'team_city', 'team_id', 'team_name', 'team_slug']
Loaded 168 rows into fantasy-survivor-app.nba_data.player_daily_game_stats_p.
Dropping columns not present in fantasy-survivor-app:nba_data.player_daily_game_stats: ['comment', 'jersey_num', 'plus_minus', 'position', 'team_abbr', 'team_city', 'team_id', 'team_name', 'team_slug']
Loaded 168 rows into fantasy-survivor-app.nba_data.player_daily_game_stats.
Refreshed league_pg_stats_by_season ✅
/Users/danielshenmuan/PycharmProjects/nba_api/jobs/daily_ingest_local.py:181: DeprecationWarning: datetime.datetime.utcnow() is deprecated and scheduled for removal in a future version. Use timezone-aware objects to represent datetimes in UTC: datetime.datetime.now(datetime.UTC).
  target_date = (datetime.utcnow() - timedelta(days=1)).replace(
Fetching stats for 2025-11-17 across 8 games...
Retrieved 171 rows.
 game_date  game_id  player_id             player_name    team_id team_abbr     team_city    team_name    team_slug position comment jersey_num   minutes  fgm  fga  fg_pct  fg3m  fg3a  fg3_pct  ftm  fta  ft_pct  pts  reb  ast  stl  blk  turnovers  pf  dreb  oreb  plus_minus  z_score  season
2025-11-17 22500241    1628398              Kyle Kuzma 1610612749       MIL     Milwaukee        Bucks        bucks        F                    24.150000    4   12   0.333     1     3    0.333    1    1   1.000   10    5    2    1    0          0   4     3     2           2   -0.260 2025-26
2025-11-17 22500241     203507   Giannis Antetokounmpo 1610612749       MIL     Milwaukee        Bucks        bucks        F                    13.000000    6   10   0.600     0     0    0.000    2    3   0.667   14    5    4    1    0          4   2     3     2           0   -3.216 2025-26
2025-11-17 22500241    1626167            Myles Turner 1610612749       MIL     Milwaukee        Bucks        bucks        C                    37.166667    4    9   0.444     4     5    0.800    3    4   0.750   15    7    2    3    1          2   1     6     1           1   10.126 2025-26
2025-11-17 22500241    1631260                AJ Green 1610612749       MIL     Milwaukee        Bucks        bucks        G                    40.483333    4   10   0.400     4     8    0.500    0    0   0.000   12    3    4    1    0          0   3     3     0         -10    3.658 2025-26
2025-11-17 22500241    1631157            Ryan Rollins 1610612749       MIL     Milwaukee        Bucks        bucks        G                    28.766667    9   22   0.409     5    10    0.500    1    1   1.000   24    3    5    1    0          4   3     3     0           1    2.004 2025-26
2025-11-17 22500241    1630175            Cole Anthony 1610612749       MIL     Milwaukee        Bucks        bucks                             21.500000    2    8   0.250     0     0    0.000    0    0   0.000    4    1    8    0    0          2   2     1     0         -11   -6.173 2025-26
2025-11-17 22500241    1626171            Bobby Portis 1610612749       MIL     Milwaukee        Bucks        bucks                             26.716667    3    7   0.429     1     3    0.333    4    6   0.667   11    6    0    1    0          0   0     5     1         -13   -0.607 2025-26
2025-11-17 22500241    1629018          Gary Trent Jr. 1610612749       MIL     Milwaukee        Bucks        bucks                             31.450000    5   10   0.500     2     5    0.400    0    0   0.000   12    2    0    1    0          2   1     2     0         -18   -2.503 2025-26
2025-11-17 22500241     203914             Gary Harris 1610612749       MIL     Milwaukee        Bucks        bucks                              5.250000    1    3   0.333     0     2    0.000    0    0   0.000    2    0    0    0    0          0   1     0     0          -4   -7.500 2025-26
2025-11-17 22500241    1630579            Jericho Sims 1610612749       MIL     Milwaukee        Bucks        bucks                             11.516667    1    2   0.500     0     0    0.000    0    0   0.000    2    2    1    0    0          0   0     1     1          -8   -5.938 2025-26
2025-11-17 22500241    1629631         De'Andre Hunter 1610612739       CLE     Cleveland    Cavaliers    cavaliers        F                    25.583333    5   11   0.455     1     4    0.250    0    0   0.000   11    5    1    0    0          2   3     5     0          -3   -4.935 2025-26
2025-11-17 22500241    1630596             Evan Mobley 1610612739       CLE     Cleveland    Cavaliers    cavaliers        F                    36.050000    4    9   0.444     1     2    0.500    5    8   0.625   14    6    6    0    1          6   4     6     0           5   -5.263 2025-26
2025-11-17 22500241    1628386           Jarrett Allen 1610612739       CLE     Cleveland    Cavaliers    cavaliers        C                    24.766667    4    7   0.571     0     0    0.000    4    4   1.000   12    6    2    0    1          2   0     4     2           0   -1.210 2025-26
2025-11-17 22500241    1630241             Sam Merrill 1610612739       CLE     Cleveland    Cavaliers    cavaliers        G                    27.866667    7   10   0.700     6     9    0.667    0    0   0.000   20    5    0    0    1          1   1     4     1           4    5.996 2025-26
2025-11-17 22500241    1628378        Donovan Mitchell 1610612739       CLE     Cleveland    Cavaliers    cavaliers        G                    35.750000   14   22   0.636     4     8    0.500    5    7   0.714   37    5    7    1    0          2   4     5     0           7    9.395 2025-26
2025-11-17 22500241    1629731               Dean Wade 1610612739       CLE     Cleveland    Cavaliers    cavaliers                             27.533333    2    3   0.667     1     2    0.500    0    0   0.000    5    8    3    2    1          0   0     8     0          14    6.687 2025-26
2025-11-17 22500241    1628366              Lonzo Ball 1610612739       CLE     Cleveland    Cavaliers    cavaliers                             23.066667    2    8   0.250     1     6    0.167    1    2   0.500    6    5    5    2    0          1   4     5     0          11    1.250 2025-26
2025-11-17 22500241    1641854        Craig Porter Jr. 1610612739       CLE     Cleveland    Cavaliers    cavaliers                             20.133333    5    6   0.833     1     2    0.500    0    0   0.000   11    1    0    2    0          1   0     1     0           8    0.861 2025-26
2025-11-17 22500241    1628418           Thomas Bryant 1610612739       CLE     Cleveland    Cavaliers    cavaliers                              7.083333    0    1   0.000     0     1    0.000    0    0   0.000    0    2    0    0    0          0   0     2     0           5   -7.016 2025-26
2025-11-17 22500241    1641772         Nae'Qwan Tomlin 1610612739       CLE     Cleveland    Cavaliers    cavaliers                             12.183333    1    2   0.500     0     1    0.000    0    0   0.000    2    2    1    0    1          1   1     1     1           9   -4.892 2025-26
2025-11-17 22500242    1641716           Jarace Walker 1610612754       IND       Indiana       Pacers       pacers        F                    28.450000    2    4   0.500     1     2    0.500    3    5   0.600    8    3    1    2    0          3   2     1     2          -9   -2.642 2025-26
2025-11-17 22500242    1627783           Pascal Siakam 1610612754       IND       Indiana       Pacers       pacers        F                    33.816667    8   17   0.471     3     8    0.375   10   12   0.833   29    7    1    1    1          3   2     5     2         -29    5.249 2025-26
2025-11-17 22500242    1630543          Isaiah Jackson 1610612754       IND       Indiana       Pacers       pacers        C                    26.583333    6    7   0.857     0     0    0.000    4    6   0.667   16   10    3    2    1          1   5     2     8          -2    7.565 2025-26
2025-11-17 22500242    1631097      Bennedict Mathurin 1610612754       IND       Indiana       Pacers       pacers        G                    25.250000    7   16   0.438     3     9    0.333    8   14   0.571   25    3    2    1    0          4   5     3     0         -16   -3.671 2025-26
2025-11-17 22500242    1629614         Andrew Nembhard 1610612754       IND       Indiana       Pacers       pacers        G                    31.516667    4   10   0.400     1     3    0.333    6    6   1.000   15    1    4    0    1          5   2     0     1         -14   -4.661 2025-26
2025-11-17 22500242    1630526  Jeremiah Robinson-Earl 1610612754       IND       Indiana       Pacers       pacers                             20.366667    2    8   0.250     0     2    0.000    0    0   0.000    4    9    0    0    0          0   1     6     3          14   -4.460 2025-26
2025-11-17 22500242    1628396            Tony Bradley 1610612754       IND       Indiana       Pacers       pacers                             17.483333    1    6   0.167     0     0    0.000    2    2   1.000    4    5    1    0    0          3   5     2     3         -10   -8.636 2025-26
2025-11-17 22500242    1630643                Jay Huff 1610612754       IND       Indiana       Pacers       pacers                              8.050000    2    4   0.500     1     3    0.333    0    0   0.000    5    0    0    0    1          0   1     0     0          -4   -3.486 2025-26
2025-11-17 22500242    1641767            Ben Sheppard 1610612754       IND       Indiana       Pacers       pacers                             28.683333    2    7   0.286     0     4    0.000    0    0   0.000    4    4    4    1    1          0   1     3     1          -3    0.603 2025-26
2025-11-17 22500242     204456          T.J. McConnell 1610612754       IND       Indiana       Pacers       pacers                             15.433333    0    4   0.000     0     0    0.000    0    0   0.000    0    1    2    1    0          1   2     1     0          -8   -5.862 2025-26
2025-11-17 22500242    1643007            Taelon Peter 1610612754       IND       Indiana       Pacers       pacers                              2.183333    0    0   0.000     0     0    0.000    0    0   0.000    0    0    1    0    0          0   0     0     0           3   -7.048 2025-26
2025-11-17 22500242    1628420            Monté Morris 1610612754       IND       Indiana       Pacers       pacers                              2.183333    1    1   1.000     0     0    0.000    0    0   0.000    2    0    0    0    0          1   0     0     0           3   -8.103 2025-26
2025-11-17 22500242    1641842       Ronald Holland II 1610612765       DET       Detroit      Pistons      pistons        F                    30.516667    3    6   0.500     1     2    0.500    0    0   0.000    7    7    2    1    2          3   3     6     1           6    1.897 2025-26
2025-11-17 22500242    1630191          Isaiah Stewart 1610612765       DET       Detroit      Pistons      pistons        F                    20.433333    3    7   0.429     2     5    0.400    2    2   1.000   10    2    0    0    5          2   6     1     1          10    5.846 2025-26
2025-11-17 22500242    1631105             Jalen Duren 1610612765       DET       Detroit      Pistons      pistons        C                    28.566667   12   13   0.923     0     0    0.000    7   11   0.636   31   15    3    0    0          1   3    10     5          20    5.323 2025-26
2025-11-17 22500242    1629130         Duncan Robinson 1610612765       DET       Detroit      Pistons      pistons        G                    34.283333    4   12   0.333     3    11    0.273    2    3   0.667   13    2    4    2    0          1   3     1     1           8    2.974 2025-26
2025-11-17 22500242    1642450          Daniss Jenkins 1610612765       DET       Detroit      Pistons      pistons        G                    33.450000   11   21   0.524     1     5    0.200    3    4   0.750   26    2    8    1    0          4   4     0     2          23    0.364 2025-26
2025-11-17 22500242    1629750           Javonte Green 1610612765       DET       Detroit      Pistons      pistons                             27.133333    7   11   0.636     1     4    0.250    5    5   1.000   20    4    0    2    0          0   5     3     1           4    5.523 2025-26
2025-11-17 22500242    1630194               Paul Reed 1610612765       DET       Detroit      Pistons      pistons                             13.466667    2    3   0.667     0     1    0.000    3    4   0.750    7    2    3    1    1          1   4     1     1          -3   -0.288 2025-26
2025-11-17 22500242    1627747            Caris LeVert 1610612765       DET       Detroit      Pistons      pistons                             17.433333    4    8   0.500     0     3    0.000    0    1   0.000    8    5    8    0    0          3   0     4     1          -1   -4.739 2025-26
2025-11-17 22500242    1642404             Chaz Lanier 1610612765       DET       Detroit      Pistons      pistons                             18.400000    1    3   0.333     1     3    0.333    0    0   0.000    3    2    1    1    0          0   0     1     1           2   -2.402 2025-26
2025-11-17 22500242    1631111       Wendell Moore Jr. 1610612765       DET       Detroit      Pistons      pistons                             15.000000    0    2   0.000     0     0    0.000    0    0   0.000    0    2    0    1    0          1   0     2     0           9   -5.847 2025-26
2025-11-17 22500242    1642403             Isaac Jones 1610612765       DET       Detroit      Pistons      pistons                              1.316667    1    2   0.500     0     1    0.000    0    0   0.000    2    0    0    0    0          0   0     0     0          -3   -7.213 2025-26
2025-11-17 22500243    1642920            Kobe Sanders 1610612746       LAC            LA     Clippers     clippers        F                    30.383333    5   11   0.455     3     7    0.429    4    4   1.000   17    1    1    1    0          1   4     1     0           0    1.223 2025-26
2025-11-17 22500243    1628381            John Collins 1610612746       LAC            LA     Clippers     clippers        F                    27.233333    3    8   0.375     0     0    0.000    5    5   1.000   11    7    0    0    0          1   4     6     1          -2   -3.596 2025-26
2025-11-17 22500243    1627826             Ivica Zubac 1610612746       LAC            LA     Clippers     clippers        C                    33.933333    7   13   0.538     0     0    0.000    0    0   0.000   14   13    1    1    0          0   1     8     5          -7    3.239 2025-26
2025-11-17 22500243    1627739               Kris Dunn 1610612746       LAC            LA     Clippers     clippers        G                    27.100000    3    5   0.600     1     2    0.500    0    0   0.000    7    2    5    1    0          1   5     1     1          -8   -0.465 2025-26
2025-11-17 22500243     201935            James Harden 1610612746       LAC            LA     Clippers     clippers        G                    36.783333    7   25   0.280     2    12    0.167   12   12   1.000   28    6    5    1    2          4   2     5     1           4    5.733 2025-26
2025-11-17 22500243     201572             Brook Lopez 1610612746       LAC            LA     Clippers     clippers                             14.033333    2    5   0.400     1     3    0.333    1    1   1.000    6    1    0    0    0          1   2     1     0           5   -6.383 2025-26
2025-11-17 22500243     203992       Bogdan Bogdanović 1610612746       LAC            LA     Clippers     clippers                             26.500000    3    9   0.333     1     6    0.167    2    3   0.667    9    7    5    1    0          0   3     7     0           3    1.581 2025-26
2025-11-17 22500243    1642353            Cam Christie 1610612746       LAC            LA     Clippers     clippers                             12.016667    1    2   0.500     0     1    0.000    0    0   0.000    2    0    0    0    1          1   0     0     0           1   -6.167 2025-26
2025-11-17 22500243     201587           Nicolas Batum 1610612746       LAC            LA     Clippers     clippers                             20.800000    3    7   0.429     3     7    0.429    2    2   1.000   11    6    1    1    0          1   3     6     0           0    1.806 2025-26
2025-11-17 22500243     101108              Chris Paul 1610612746       LAC            LA     Clippers     clippers                             11.216667    1    2   0.500     1     1    1.000    0    0   0.000    3    2    0    0    0          0   2     2     0          -6   -5.225 2025-26
2025-11-17 22500243     202331             Paul George 1610612755       PHI  Philadelphia        76ers       sixers        F                    21.100000    2    9   0.222     1     4    0.250    4    7   0.571    9    7    3    0    2          1   0     7     0          -9   -0.360 2025-26
2025-11-17 22500243    1631230         Dominick Barlow 1610612755       PHI  Philadelphia        76ers       sixers        F                    21.200000    3    4   0.750     0     0    0.000    1    2   0.500    7    1    0    3    0          2   4     1     0         -13   -0.439 2025-26
2025-11-17 22500243     203083          Andre Drummond 1610612755       PHI  Philadelphia        76ers       sixers        C                    37.933333    5    8   0.625     1     2    0.500    3    4   0.750   14   18    0    1    0          1   1    13     5           2    4.846 2025-26
2025-11-17 22500243    1642845            VJ Edgecombe 1610612755       PHI  Philadelphia        76ers       sixers        G                    37.316667    6   13   0.462     2     6    0.333    0    2   0.000   14    6    6    0    0          0   5     5     1           4    0.201 2025-26
2025-11-17 22500243    1630178            Tyrese Maxey 1610612755       PHI  Philadelphia        76ers       sixers        G                    40.950000   13   27   0.481     4    11    0.364    9   10   0.900   39    3    6    1    0          4   1     3     0           4    5.764 2025-26
2025-11-17 22500243    1629656          Quentin Grimes 1610612755       PHI  Philadelphia        76ers       sixers                             35.566667    6   10   0.600     3     6    0.500    4    5   0.800   19    2    3    1    2          0   2     2     0          12    8.613 2025-26
2025-11-17 22500243    1642348          Justin Edwards 1610612755       PHI  Philadelphia        76ers       sixers                             18.033333    0    6   0.000     0     4    0.000    0    0   0.000    0    5    4    0    0          0   2     3     2           1   -5.340 2025-26
2025-11-17 22500243    1630570         Trendon Watford 1610612755       PHI  Philadelphia        76ers       sixers                             18.933333    4    6   0.667     0     0    0.000    0    0   0.000    8    4    4    1    0          1   5     3     1          10   -0.736 2025-26
2025-11-17 22500243    1631133           Jabari Walker 1610612755       PHI  Philadelphia        76ers       sixers                              3.866667    0    1   0.000     0     0    0.000    0    0   0.000    0    0    0    0    0          0   0     0     0           1   -7.813 2025-26
2025-11-17 22500243    1642272            Jared McCain 1610612755       PHI  Philadelphia        76ers       sixers                              5.100000    0    0   0.000     0     0    0.000    0    0   0.000    0    0    0    0    0          0   0     0     0          -2   -7.526 2025-26
2025-11-17 22500244    1628969           Mikal Bridges 1610612752       NYK      New York       Knicks       knicks        F                    39.216667    9   14   0.643     2     4    0.500    3    5   0.600   23    3    4    2    4          2   0     2     1          -8   13.389 2025-26
2025-11-17 22500244    1626157      Karl-Anthony Towns 1610612752       NYK      New York       Knicks       knicks        F                    32.616667    7   19   0.368     1     7    0.143    7    7   1.000   22   15    2    0    1          4   5    11     4           3    1.601 2025-26
2025-11-17 22500244    1629011       Mitchell Robinson 1610612752       NYK      New York       Knicks       knicks        C                    18.483333    2    3   0.667     0     0    0.000    1    2   0.500    5   11    1    1    0          1   2     6     5           4   -0.662 2025-26
2025-11-17 22500244    1629013           Landry Shamet 1610612752       NYK      New York       Knicks       knicks        G                    39.433333    2   11   0.182     1     7    0.143    5    6   0.833   10    3    4    0    1          0   2     3     0          14   -1.189 2025-26
2025-11-17 22500244    1630540           Miles McBride 1610612752       NYK      New York       Knicks       knicks        G                    38.733333   10   23   0.435     5    12    0.417    0    1   0.000   25    4    0    0    0          1   2     4     0           3    0.365 2025-26
2025-11-17 22500244    1628404               Josh Hart 1610612752       NYK      New York       Knicks       knicks                             34.083333    6   11   0.545     0     3    0.000    2    3   0.667   14    5    9    2    1          6   3     4     1         -11    1.387 2025-26
2025-11-17 22500244    1642885         Mohamed Diawara 1610612752       NYK      New York       Knicks       knicks                              1.383333    0    0   0.000     0     0    0.000    0    0   0.000    0    1    0    1    0          0   0     1     0           1   -4.496 2025-26
2025-11-17 22500244     203903         Jordan Clarkson 1610612752       NYK      New York       Knicks       knicks                             26.050000    7   13   0.538     0     3    0.000    0    0   0.000   14    3    3    1    0          1   4     3     0         -17   -0.965 2025-26
2025-11-17 22500244    1627824      Guerschon Yabusele 1610612752       NYK      New York       Knicks       knicks                             10.000000    0    0   0.000     0     0    0.000    0    0   0.000    0    3    0    0    0          0   0     3     0           1   -6.331 2025-26
2025-11-17 22500244    1641796           Pelle Larsson 1610612748       MIA         Miami         Heat         heat        F                    26.266667    4    9   0.444     2     4    0.500    3    4   0.750   13    7    4    0    0          2   1     7     0          -4   -1.416 2025-26
2025-11-17 22500244     203952          Andrew Wiggins 1610612748       MIA         Miami         Heat         heat        F                    32.950000    3   15   0.200     0     4    0.000    0    0   0.000    6    4    4    0    1          0   3     4     0           1   -3.436 2025-26
2025-11-17 22500244    1642276             Kel'el Ware 1610612748       MIA         Miami         Heat         heat        C                    30.683333    7    9   0.778     1     1    1.000    1    1   1.000   16   14    1    1    3          0   4     8     6           8   13.036 2025-26
2025-11-17 22500244    1626181           Norman Powell 1610612748       MIA         Miami         Heat         heat        G                    31.716667    9   20   0.450     0     3    0.000    1    1   1.000   19    1    3    1    0          2   2     1     0           4   -2.778 2025-26
2025-11-17 22500244    1630558         Davion Mitchell 1610612748       MIA         Miami         Heat         heat        G                    32.500000    7   12   0.583     2     5    0.400    2    3   0.667   18    3    5    0    0          3   1     3     0           2   -2.297 2025-26
2025-11-17 22500244    1631170        Jaime Jaquez Jr. 1610612748       MIA         Miami         Heat         heat                             32.466667    5   11   0.455     1     2    0.500    2    2   1.000   13    1    4    0    0          5   2     1     0           0   -7.842 2025-26
2025-11-17 22500244    1631323       Simone Fontecchio 1610612748       MIA         Miami         Heat         heat                             20.600000    5   11   0.455     4     7    0.571    0    0   0.000   14    4    3    2    0          0   4     4     0           5    6.812 2025-26
2025-11-17 22500244    1631107            Nikola Jović 1610612748       MIA         Miami         Heat         heat                             14.983333    2    7   0.286     1     4    0.250    0    0   0.000    5    1    2    0    0          0   3     1     0          -3   -5.212 2025-26
2025-11-17 22500244    1630696               Dru Smith 1610612748       MIA         Miami         Heat         heat                             15.500000    3    5   0.600     3     4    0.750    2    2   1.000   11    3    3    1    0          0   1     2     1           0    3.316 2025-26
2025-11-17 22500244    1642352          Keshad Johnson 1610612748       MIA         Miami         Heat         heat                              2.333333    0    2   0.000     0     1    0.000    0    0   0.000    0    2    0    0    1          0   0     2     0          -3   -5.080 2025-26
2025-11-17 22500245    1642851            Kon Knueppel 1610612766       CHA     Charlotte      Hornets      hornets        F                    35.783333    9   16   0.563     4    10    0.400    2    2   1.000   24    7    1    3    0          3   4     2     5           2    9.048 2025-26
2025-11-17 22500245    1628970           Miles Bridges 1610612766       CHA     Charlotte      Hornets      hornets        F                    38.483333    9   22   0.409     3     9    0.333    1    2   0.500   22    8    3    3    1          4   1     5     3           2    7.386 2025-26
2025-11-17 22500245    1641750        Ryan Kalkbrenner 1610612766       CHA     Charlotte      Hornets      hornets        C                    28.466667    2    3   0.667     0     0    0.000    3    4   0.750    7   10    0    0    2          2   1     9     1         -14   -0.122 2025-26
2025-11-17 22500245    1642883              Sion James 1610612766       CHA     Charlotte      Hornets      hornets        G                    24.916667    0    4   0.000     0     4    0.000    0    0   0.000    0    5    2    1    1          2   2     5     0          -4   -3.223 2025-26
2025-11-17 22500245    1630163             LaMelo Ball 1610612766       CHA     Charlotte      Hornets      hornets        G                    27.533333    6   19   0.316     1     7    0.143    7    7   1.000   20    5    8    1    0          3   2     4     1           6    1.195 2025-26
2025-11-17 22500245    1629012           Collin Sexton 1610612766       CHA     Charlotte      Hornets      hornets                             27.733333    5   12   0.417     2     6    0.333    5    6   0.833   17    3    2    0    0          1   1     2     1          -4   -1.980 2025-26
2025-11-17 22500245    1630544                Tre Mann 1610612766       CHA     Charlotte      Hornets      hornets                             12.316667    2    3   0.667     0     1    0.000    0    0   0.000    4    1    0    3    0          0   2     1     0          -3    1.681 2025-26
2025-11-17 22500245    1631217          Moussa Diabaté 1610612766       CHA     Charlotte      Hornets      hornets                             19.566667    3    3   1.000     0     0    0.000    2    3   0.667    8    7    2    0    4          1   1     5     2           9    5.757 2025-26
2025-11-17 22500245    1641809           Drew Peterson 1610612766       CHA     Charlotte      Hornets      hornets                             16.133333    0    3   0.000     0     2    0.000    1    2   0.500    1    1    1    0    1          0   0     0     1           0   -5.652 2025-26
2025-11-17 22500245    1626192         Pat Connaughton 1610612766       CHA     Charlotte      Hornets      hornets                              9.050000    1    2   0.500     0     1    0.000    3    4   0.750    5    1    0    0    0          0   0     1     0          -4   -6.399 2025-26
2025-11-17 22500245    1627742          Brandon Ingram 1610612761       TOR       Toronto      Raptors      raptors        F                    37.483333    9   21   0.429     3     6    0.500    6    7   0.857   27    6    3    2    3          5   0     4     2           2    9.470 2025-26
2025-11-17 22500245    1630567          Scottie Barnes 1610612761       TOR       Toronto      Raptors      raptors        F                    33.300000    8   16   0.500     0     1    0.000    0    0   0.000   16    6    6    1    2          1   2     3     3          -6    6.140 2025-26
2025-11-17 22500245    1627751            Jakob Poeltl 1610612761       TOR       Toronto      Raptors      raptors        C                    31.683333    6    7   0.857     0     0    0.000    1    2   0.500   13    9    1    0    0          1   3     8     1           6   -1.693 2025-26
2025-11-17 22500245    1629628              RJ Barrett 1610612761       TOR       Toronto      Raptors      raptors        G                    32.883333    7   16   0.438     1     4    0.250    1    3   0.333   16    3    3    1    0          1   3     3     0           1   -1.748 2025-26
2025-11-17 22500245    1630193       Immanuel Quickley 1610612761       TOR       Toronto      Raptors      raptors        G                    31.066667    6   11   0.545     3     8    0.375    0    0   0.000   15   10    4    2    0          3   3    10     0           7    5.841 2025-26
2025-11-17 22500245    1642867    Collin Murray-Boyles 1610612761       TOR       Toronto      Raptors      raptors                             15.383333    1    3   0.333     0     0    0.000    2    2   1.000    4    1    1    0    0          1   2     1     0           2   -7.019 2025-26
2025-11-17 22500245    1642347             Jamal Shead 1610612761       TOR       Toronto      Raptors      raptors                             20.200000    1    2   0.500     0     1    0.000    0    0   0.000    2    2    4    2    1          3   1     2     0          -7   -0.546 2025-26
2025-11-17 22500245    1641711             Gradey Dick 1610612761       TOR       Toronto      Raptors      raptors                             19.350000    3    5   0.600     2     3    0.667    2    2   1.000   10    1    2    0    0          0   2     0     1           6   -1.782 2025-26
2025-11-17 22500245    1630572   Sandro Mamukelashvili 1610612761       TOR       Toronto      Raptors      raptors                             14.833333    3    7   0.429     1     2    0.500    0    0   0.000    7    4    1    0    1          1   3     3     1          -3   -2.562 2025-26
2025-11-17 22500245    1642266          Ja'Kobe Walter 1610612761       TOR       Toronto      Raptors      raptors                              3.816667    0    0   0.000     0     0    0.000    0    0   0.000    0    1    0    0    0          1   2     1     0           2   -8.304 2025-26
2025-11-17 22500246    1629023         P.J. Washington 1610612742       DAL        Dallas    Mavericks    mavericks        F                    24.883333    5   12   0.417     1     3    0.333    2    2   1.000   13    7    2    1    0          2   3     7     0          -7   -0.535 2025-26
2025-11-17 22500246    1642843            Cooper Flagg 1610612742       DAL        Dallas    Mavericks    mavericks        F                    26.850000    6   10   0.600     2     3    0.667    1    2   0.500   15    1    2    0    0          1   1     1     0         -27   -2.879 2025-26
2025-11-17 22500246    1630619            Moussa Cisse 1610612742       DAL        Dallas    Mavericks    mavericks        C                    25.500000    2    6   0.333     0     0    0.000    1    7   0.143    5   10    0    1    2          1   4     6     4         -20   -1.735 2025-26
2025-11-17 22500246    1631108            Max Christie 1610612742       DAL        Dallas    Mavericks    mavericks        G                    18.750000    0    1   0.000     0     0    0.000    1    2   0.500    1    0    1    0    0          1   0     0     0         -15   -8.876 2025-26
2025-11-17 22500246    1630314        Brandon Williams 1610612742       DAL        Dallas    Mavericks    mavericks        G                    24.300000    4   12   0.333     1     3    0.333    6    6   1.000   15    5    2    1    1          2   3     4     1          -8    1.561 2025-26
2025-11-17 22500246    1630230           Naji Marshall 1610612742       DAL        Dallas    Mavericks    mavericks                             23.250000    3    9   0.333     0     3    0.000    1    3   0.333    7    3    0    1    0          2   0     3     0         -24   -7.097 2025-26
2025-11-17 22500246     203939           Dwight Powell 1610612742       DAL        Dallas    Mavericks    mavericks                             16.550000    0    0   0.000     0     0    0.000    0    1   0.000    0    5    1    0    0          0   5     3     2          11   -5.812 2025-26
2025-11-17 22500246    1626156        D'Angelo Russell 1610612742       DAL        Dallas    Mavericks    mavericks                             22.383333    4   11   0.364     0     5    0.000    0    0   0.000    8    2    4    0    0          4   3     1     1         -11   -9.126 2025-26
2025-11-17 22500246     202691           Klay Thompson 1610612742       DAL        Dallas    Mavericks    mavericks                             17.166667    3    9   0.333     1     6    0.167    0    0   0.000    7    0    0    2    0          1   0     0     0         -17   -2.170 2025-26
2025-11-17 22500246    1628997            Caleb Martin 1610612742       DAL        Dallas    Mavericks    mavericks                             17.550000    2    4   0.500     0     1    0.000    2    2   1.000    6    3    1    1    1          2   1     3     0         -10   -1.944 2025-26
2025-11-17 22500246    1630702             Jaden Hardy 1610612742       DAL        Dallas    Mavericks    mavericks                             13.733333    4    9   0.444     4     5    0.800    5    6   0.833   17    3    0    0    0          4   1     2     1           5   -4.116 2025-26
2025-11-17 22500246    1642939             Miles Kelly 1610612742       DAL        Dallas    Mavericks    mavericks                              9.083333    1    2   0.500     0     1    0.000    0    0   0.000    2    4    0    0    0          0   1     3     1           3   -5.619 2025-26
2025-11-17 22500246    1630183         Jaden McDaniels 1610612750       MIN     Minnesota Timberwolves timberwolves        F                    23.283333    4    6   0.667     3     4    0.750    4    5   0.800   15    5    3    2    1          3   0     5     0          15    6.063 2025-26
2025-11-17 22500246     203944           Julius Randle 1610612750       MIN     Minnesota Timberwolves timberwolves        F                    26.900000    4   16   0.250     1     5    0.200    3    5   0.600   12    6    4    1    0          1   3     5     1          21   -1.957 2025-26
2025-11-17 22500246     203497             Rudy Gobert 1610612750       MIN     Minnesota Timberwolves timberwolves        C                    29.100000    6    8   0.750     0     0    0.000    3    6   0.500   15    9    4    2    1          2   0     4     5          19    5.034 2025-26
2025-11-17 22500246    1630162         Anthony Edwards 1610612750       MIN     Minnesota Timberwolves timberwolves        G                    29.400000    5   14   0.357     1     7    0.143    2    2   1.000   13    4    3    2    0          2   2     3     1          14    0.803 2025-26
2025-11-17 22500246    1628978        Donte DiVincenzo 1610612750       MIN     Minnesota Timberwolves timberwolves        G                    26.300000    4    8   0.500     3     7    0.429    3    4   0.750   14    5    2    0    2          1   1     4     1          35    3.932 2025-26
2025-11-17 22500246    1629675                Naz Reid 1610612750       MIN     Minnesota Timberwolves timberwolves                             22.566667    9   14   0.643     3     6    0.500    1    1   1.000   22   12    2    0    0          3   2    11     1          18    2.612 2025-26
2025-11-17 22500246     201144             Mike Conley 1610612750       MIN     Minnesota Timberwolves timberwolves                             15.683333    2    4   0.500     1     3    0.333    0    0   0.000    5    2    3    3    0          1   4     2     0          17    3.242 2025-26
2025-11-17 22500246    1641740            Jaylen Clark 1610612750       MIN     Minnesota Timberwolves timberwolves                             18.783333    2    5   0.400     1     4    0.250    0    0   0.000    5    6    0    1    0          0   3     2     4          15   -0.973 2025-26
2025-11-17 22500246    1642265          Rob Dillingham 1610612750       MIN     Minnesota Timberwolves timberwolves                             12.966667    4   12   0.333     0     3    0.000    0    0   0.000    8    1    1    2    0          2   3     1     0         -17   -3.635 2025-26
2025-11-17 22500246    1631159          Leonard Miller 1610612750       MIN     Minnesota Timberwolves timberwolves                              9.666667    0    2   0.000     0     2    0.000    0    0   0.000    0    3    3    1    0          1   3     3     0          -5   -4.013 2025-26
2025-11-17 22500246    1630538            Bones Hyland 1610612750       MIN     Minnesota Timberwolves timberwolves                              7.766667    1    2   0.500     0     1    0.000    0    0   0.000    2    2    1    1    0          0   0     2     0          -5   -3.306 2025-26
2025-11-17 22500246    1642866           Joan Beringer 1610612750       MIN     Minnesota Timberwolves timberwolves                              7.766667    2    4   0.500     0     0    0.000    2    2   1.000    6    4    0    0    1          0   2     3     1          -5   -2.303 2025-26
2025-11-17 22500246     204060              Joe Ingles 1610612750       MIN     Minnesota Timberwolves timberwolves                              6.833333    0    0   0.000     0     0    0.000    0    0   0.000    0    0    1    1    0          0   0     0     0          -7   -4.416 2025-26
2025-11-17 22500246    1630548           Johnny Juzang 1610612750       MIN     Minnesota Timberwolves timberwolves                              2.983333    1    2   0.500     1     2    0.500    0    0   0.000    3    0    0    0    0          0   1     0     0           5   -6.022 2025-26
2025-11-17 22500247    1629652           Luguentz Dort 1610612760       OKC Oklahoma City      Thunder      thunder        F                    27.800000    5    9   0.556     4     6    0.667    3    3   1.000   17    1    1    1    1          0   4     1     0          27    5.994 2025-26
2025-11-17 22500247    1631096           Chet Holmgren 1610612760       OKC Oklahoma City      Thunder      thunder        F                    32.816667   10   14   0.714     3     6    0.500    3    4   0.750   26    9    0    0    1          3   2     6     3          23    3.589 2025-26
2025-11-17 22500247    1628392      Isaiah Hartenstein 1610612760       OKC Oklahoma City      Thunder      thunder        C                    26.833333    7   10   0.700     0     1    0.000    2    3   0.667   16    7    6    4    1          2   1     2     5          19   11.894 2025-26
2025-11-17 22500247    1641717           Cason Wallace 1610612760       OKC Oklahoma City      Thunder      thunder        G                    28.283333    3   10   0.300     1     4    0.250    0    0   0.000    7    2    4    3    0          3   4     2     0          14    0.534 2025-26
2025-11-17 22500247    1628983 Shai Gilgeous-Alexander 1610612760       OKC Oklahoma City      Thunder      thunder        G                    28.933333    5    9   0.556     3     5    0.600   10   10   1.000   23    2    8    3    0          3   3     1     1          32   10.795 2025-26
2025-11-17 22500247    1630198              Isaiah Joe 1610612760       OKC Oklahoma City      Thunder      thunder                             26.200000    5   11   0.455     4    10    0.400    0    0   0.000   14    3    4    0    0          1   0     2     1          -1    0.453 2025-26
2025-11-17 22500247    1631119         Jaylin Williams 1610612760       OKC Oklahoma City      Thunder      thunder                             18.450000    0    2   0.000     0     1    0.000    0    0   0.000    0    5    1    0    0          4   2     5     0          -1  -10.335 2025-26
2025-11-17 22500247    1642382         Branden Carlson 1610612760       OKC Oklahoma City      Thunder      thunder                             10.616667    2    5   0.400     1     3    0.333    2    4   0.500    7    4    2    0    2          0   0     1     3          -3    0.268 2025-26
2025-11-17 22500247    1642349           Ajay Mitchell 1610612760       OKC Oklahoma City      Thunder      thunder                             25.866667    4   14   0.286     0     4    0.000    3    4   0.750   11    2    1    1    0          0   2     2     0         -18   -3.668 2025-26
2025-11-17 22500247    1642964        Brooks Barnhizer 1610612760       OKC Oklahoma City      Thunder      thunder                              7.166667    1    1   1.000     0     0    0.000    0    0   0.000    2    2    1    0    0          0   1     2     0          -5   -5.651 2025-26
2025-11-17 22500247    1631172           Ousmane Dieng 1610612760       OKC Oklahoma City      Thunder      thunder                              4.316667    0    1   0.000     0     1    0.000    0    0   0.000    0    0    2    0    0          0   0     0     0          -1   -6.856 2025-26
2025-11-17 22500247    1642959        Chris Youngblood 1610612760       OKC Oklahoma City      Thunder      thunder                              2.716667    1    1   1.000     1     1    1.000    0    0   0.000    3    1    0    0    0          0   1     1     0          -1   -5.337 2025-26
2025-11-17 22500247    1630530         Trey Murphy III 1610612740       NOP   New Orleans     Pelicans     pelicans        F                    33.333333    6    9   0.667     4     5    0.800    2    2   1.000   18    5    1    3    0          3   3     3     2         -19    7.595 2025-26
2025-11-17 22500247    1642852             Derik Queen 1610612740       NOP   New Orleans     Pelicans     pelicans        F                    26.433333    3   10   0.300     0     0    0.000    3    4   0.750    9    8    3    2    2          6   4     3     5          -7   -0.046 2025-26
2025-11-17 22500247    1642274              Yves Missi 1610612740       NOP   New Orleans     Pelicans     pelicans        C                    21.900000    3    6   0.500     0     0    0.000    0    0   0.000    6    2    2    1    1          2   1     1     1         -15   -2.332 2025-26
2025-11-17 22500247    1630529           Herbert Jones 1610612740       NOP   New Orleans     Pelicans     pelicans        G                    26.250000    1    8   0.125     1     3    0.333    2    2   1.000    5    2    1    1    0          4   3     2     0         -32   -7.760 2025-26
2025-11-17 22500247    1642847          Jeremiah Fears 1610612740       NOP   New Orleans     Pelicans     pelicans        G                    25.350000    9   16   0.563     2     5    0.400    4    5   0.800   24    1    1    0    0          3   2     1     0         -12   -3.594 2025-26
2025-11-17 22500247    1642877             Micah Peavy 1610612740       NOP   New Orleans     Pelicans     pelicans                             24.183333    7    9   0.778     2     3    0.667    0    0   0.000   16    4    4    0    0          0   2     2     2         -16    1.990 2025-26
2025-11-17 22500247    1631255          Karlo Matković 1610612740       NOP   New Orleans     Pelicans     pelicans                             21.833333    4    5   0.800     2     3    0.667    0    0   0.000   10    6    2    0    1          1   3     5     1           4    1.362 2025-26
2025-11-17 22500247    1630631           Jose Alvarado 1610612740       NOP   New Orleans     Pelicans     pelicans                             22.783333    3    9   0.333     0     4    0.000    0    0   0.000    6    2    1    2    0          1   4     1     1          -5   -2.086 2025-26
2025-11-17 22500247    1641722          Jordan Hawkins 1610612740       NOP   New Orleans     Pelicans     pelicans                             25.400000    5   11   0.455     1     5    0.200    0    0   0.000   11    2    6    0    0          0   1     2     0           5   -1.385 2025-26
2025-11-17 22500247    1631121          Bryce McGowens 1610612740       NOP   New Orleans     Pelicans     pelicans                             12.533333    1    3   0.333     0     0    0.000    2    2   1.000    4    3    0    0    0          0   3     3     0          12   -5.524 2025-26
2025-11-17 22500248    1630171             Isaac Okoro 1610612741       CHI       Chicago        Bulls        bulls        F                    19.950000    1    3   0.333     0     2    0.000    0    0   0.000    2    1    1    0    1          0   0     0     1         -11   -4.401 2025-26
2025-11-17 22500248    1641824           Matas Buzelis 1610612741       CHI       Chicago        Bulls        bulls        F                    29.083333    5   14   0.357     2     5    0.400    1    1   1.000   13    4    2    0    2          1   2     2     2         -14    1.483 2025-26
2025-11-17 22500248     202696          Nikola Vučević 1610612741       CHI       Chicago        Bulls        bulls        C                    29.000000    3   13   0.231     2     8    0.250    0    0   0.000    8    9    6    1    0          1   4     8     1         -12    1.703 2025-26
2025-11-17 22500248    1628989           Kevin Huerter 1610612741       CHI       Chicago        Bulls        bulls        G                    24.000000    7   12   0.583     4     9    0.444    2    2   1.000   20    2    1    0    0          1   0     2     0         -21    0.880 2025-26
2025-11-17 22500248    1630581             Josh Giddey 1610612741       CHI       Chicago        Bulls        bulls        G                    30.316667    8   12   0.667     0     2    0.000    5    8   0.625   21   14    6    0    0          2   3    10     4         -17    1.908 2025-26
2025-11-17 22500248    1630172        Patrick Williams 1610612741       CHI       Chicago        Bulls        bulls                             16.966667    2    7   0.286     1     4    0.250    2    2   1.000    7    2    2    1    0          0   2     1     1           4   -1.401 2025-26
2025-11-17 22500248    1631207             Dalen Terry 1610612741       CHI       Chicago        Bulls        bulls                             18.066667    2    4   0.500     1     3    0.333    0    0   0.000    5    3    4    0    0          1   2     3     0          18   -3.776 2025-26
2025-11-17 22500248    1630245             Ayo Dosunmu 1610612741       CHI       Chicago        Bulls        bulls                             25.833333    8    9   0.889     1     2    0.500    4    5   0.800   21    3    5    0    0          1   1     3     0          25    1.394 2025-26
2025-11-17 22500248    1630188             Jalen Smith 1610612741       CHI       Chicago        Bulls        bulls                             17.950000    6   11   0.545     3     6    0.500    1    1   1.000   16    8    2    2    0          1   2     7     1          15    6.831 2025-26
2025-11-17 22500248    1628975            Jevon Carter 1610612741       CHI       Chicago        Bulls        bulls                             18.133333    5   13   0.385     5    10    0.500    0    0   0.000   15    4    1    0    0          1   2     3     1          20    0.034 2025-26
2025-11-17 22500248    1641763         Julian Phillips 1610612741       CHI       Chicago        Bulls        bulls                             10.700000    1    4   0.250     0     2    0.000    0    0   0.000    2    3    1    1    1          0   0     1     2           8   -1.258 2025-26
2025-11-17 22500248    1631212           Peyton Watson 1610612743       DEN        Denver      Nuggets      nuggets        F                    34.033333    2    4   0.500     1     1    1.000    0    0   0.000    5    3    1    1    3          1   1     3     0           5    4.087 2025-26
2025-11-17 22500248     203932            Aaron Gordon 1610612743       DEN        Denver      Nuggets      nuggets        F                    32.416667   10   18   0.556     1     5    0.200    3    4   0.750   24   10    0    0    0          0   5     5     5          18    1.774 2025-26
2025-11-17 22500248     203999            Nikola Jokić 1610612743       DEN        Denver      Nuggets      nuggets        C                    38.633333   13   27   0.481     1     7    0.143    9   12   0.750   36   18   13    1    2          2   2    14     4          10   16.801 2025-26
2025-11-17 22500248    1629661         Cameron Johnson 1610612743       DEN        Denver      Nuggets      nuggets        G                    36.916667    6   12   0.500     5     7    0.714    2    2   1.000   19    4    3    0    0          0   0     2     2          13    4.118 2025-26
2025-11-17 22500248    1627750            Jamal Murray 1610612743       DEN        Denver      Nuggets      nuggets        G                    38.266667   12   22   0.545     5    11    0.455    5    5   1.000   34   11    4    1    0          2   3    11     0          -1   11.281 2025-26
2025-11-17 22500248     203501        Tim Hardaway Jr. 1610612743       DEN        Denver      Nuggets      nuggets                             16.200000    2    8   0.250     0     3    0.000    0    0   0.000    4    2    0    3    0          0   1     1     1         -21    0.646 2025-26
2025-11-17 22500248    1628971             Bruce Brown 1610612743       DEN        Denver      Nuggets      nuggets                             22.533333    0    2   0.000     0     1    0.000    0    0   0.000    0    2    0    0    0          0   1     2     0         -17   -7.302 2025-26
2025-11-17 22500248    1642461           Spencer Jones 1610612743       DEN        Denver      Nuggets      nuggets                              6.016667    0    0   0.000     0     0    0.000    0    0   0.000    0    0    0    0    0          1   0     0     0         -16   -8.702 2025-26
2025-11-17 22500248     202685       Jonas Valančiūnas 1610612743       DEN        Denver      Nuggets      nuggets                              4.550000    0    1   0.000     0     0    0.000    2    2   1.000    2    2    0    0    0          2   1     2     0         -15   -8.588 2025-26
2025-11-17 22500248    1629618           Jalen Pickett 1610612743       DEN        Denver      Nuggets      nuggets                             10.450000    1    3   0.333     1     1    1.000    0    0   0.000    3    1    0    0    0          0   0     0     1           9   -5.911 2025-26
Dropping columns not present in fantasy-survivor-app:nba_data.player_daily_game_stats_p: ['comment', 'jersey_num', 'plus_minus', 'position', 'team_abbr', 'team_city', 'team_id', 'team_name', 'team_slug']
Loaded 171 rows into fantasy-survivor-app.nba_data.player_daily_game_stats_p.
Dropping columns not present in fantasy-survivor-app:nba_data.player_daily_game_stats: ['comment', 'jersey_num', 'plus_minus', 'position', 'team_abbr', 'team_city', 'team_id', 'team_name', 'team_slug']
Loaded 171 rows into fantasy-survivor-app.nba_data.player_daily_game_stats.
Refreshed league_pg_stats_by_season ✅
/Users/danielshenmuan/PycharmProjects/nba_api/jobs/daily_ingest_local.py:181: DeprecationWarning: datetime.datetime.utcnow() is deprecated and scheduled for removal in a future version. Use timezone-aware objects to represent datetimes in UTC: datetime.datetime.now(datetime.UTC).
  target_date = (datetime.utcnow() - timedelta(days=1)).replace(
Fetching stats for 2025-11-18 across 6 games...
Retrieved 108 rows.
 game_date  game_id  player_id              player_name    team_id team_abbr    team_city team_name team_slug position comment jersey_num   minutes  fgm  fga  fg_pct  fg3m  fg3a  fg3_pct  ftm  fta  ft_pct  pts  reb  ast  stl  blk  turnovers  pf  dreb  oreb  plus_minus  z_score  season
2025-11-18 22500249    1642954             Will Richard 1610612744       GSW Golden State  Warriors  warriors        F                    15.300000    2    2   1.000     1     1    1.000    1    2   0.500    6    0    2    1    0          1   3     0     0          -4   -3.089 2025-26
2025-11-18 22500249     202710         Jimmy Butler III 1610612744       GSW Golden State  Warriors  warriors        F                    38.233333   10   16   0.625     0     1    0.000   13   15   0.867   33    7    4    3    0          3   0     6     1          -1    9.388 2025-26
2025-11-18 22500249     203110           Draymond Green 1610612744       GSW Golden State  Warriors  warriors        C                    31.400000    5    8   0.625     2     5    0.400    0    0   0.000   12    6    6    0    2          3   4     6     0           9    3.171 2025-26
2025-11-18 22500249    1630541              Moses Moody 1610612744       GSW Golden State  Warriors  warriors        G                    29.566667    2    6   0.333     1     4    0.250    1    2   0.500    6    4    2    2    0          3   3     3     1          -3   -2.364 2025-26
2025-11-18 22500249     201939            Stephen Curry 1610612744       GSW Golden State  Warriors  warriors        G                    34.216667   12   23   0.522     7    15    0.467    3    5   0.600   34    3    9    3    0          5   2     3     0          -3   12.032 2025-26
2025-11-18 22500249    1641764       Brandin Podziemski 1610612744       GSW Golden State  Warriors  warriors                             26.516667    2    7   0.286     1     2    0.500    0    0   0.000    5    6    0    0    0          0   2     5     1          -7   -4.177 2025-26
2025-11-18 22500249    1627780           Gary Payton II 1610612744       GSW Golden State  Warriors  warriors                             10.250000    2    3   0.667     0     0    0.000    0    0   0.000    4    1    1    0    0          0   2     0     1         -15   -5.736 2025-26
2025-11-18 22500249    1627741              Buddy Hield 1610612744       GSW Golden State  Warriors  warriors                             15.200000    1    3   0.333     0     1    0.000    0    0   0.000    2    0    0    0    0          1   0     0     0          -5   -8.676 2025-26
2025-11-18 22500249     201143               Al Horford 1610612744       GSW Golden State  Warriors  warriors                             27.166667    2    6   0.333     1     4    0.250    4    4   1.000    9    6    1    2    1          2   2     6     0         -11    3.280 2025-26
2025-11-18 22500249    1642366             Quinten Post 1610612744       GSW Golden State  Warriors  warriors                             12.150000    1    4   0.250     0     3    0.000    0    0   0.000    2    3    1    0    0          0   0     1     2           0   -6.112 2025-26
2025-11-18 22500249    1641783         Tristan da Silva 1610612753       ORL      Orlando     Magic     magic        F                    28.866667    6   13   0.462     3     7    0.429    0    0   0.000   15    4    2    1    0          2   0     2     2           6    0.472 2025-26
2025-11-18 22500249    1630532             Franz Wagner 1610612753       ORL      Orlando     Magic     magic        F                    36.383333    7   17   0.412     0     3    0.000    4    4   1.000   18    8    3    1    1          1   4     7     1           5    3.670 2025-26
2025-11-18 22500249    1628976       Wendell Carter Jr. 1610612753       ORL      Orlando     Magic     magic        C                    35.116667    5    7   0.714     1     3    0.333    6    6   1.000   17   12    2    1    0          1   3     8     4          -1    5.624 2025-26
2025-11-18 22500249    1630217             Desmond Bane 1610612753       ORL      Orlando     Magic     magic        G                    39.166667    7   16   0.438     2     6    0.333    7    7   1.000   23    6    5    5    0          3   4     5     1          -5   13.624 2025-26
2025-11-18 22500249    1630591              Jalen Suggs 1610612753       ORL      Orlando     Magic     magic        G                    31.933333    4   11   0.364     0     7    0.000    5    5   1.000   13    5    8    2    1          3   4     5     0           8    4.597 2025-26
2025-11-18 22500249    1641710            Anthony Black 1610612753       ORL      Orlando     Magic     magic                             32.750000    8   13   0.615     0     3    0.000    5    7   0.714   21    4    2    2    0          1   3     4     0          18    2.911 2025-26
2025-11-18 22500249    1629048             Goga Bitadze 1610612753       ORL      Orlando     Magic     magic                             13.900000    3    3   1.000     0     0    0.000    0    0   0.000    6    2    3    1    1          1   1     1     1           8    0.183 2025-26
2025-11-18 22500249    1628371           Jonathan Isaac 1610612753       ORL      Orlando     Magic     magic                              6.816667    0    2   0.000     0     1    0.000    0    0   0.000    0    2    0    0    0          1   1     1     1           3   -8.479 2025-26
2025-11-18 22500249    1626145               Tyus Jones 1610612753       ORL      Orlando     Magic     magic                             14.916667    3    3   1.000     2     2    1.000    0    0   0.000    8    0    3    1    0          1   0     0     0           1   -0.454 2025-26
2025-11-18 22500249    1631288               Jamal Cain 1610612753       ORL      Orlando     Magic     magic                              0.150000    0    0   0.000     0     0    0.000    0    0   0.000    0    0    0    0    0          0   0     0     0          -3   -7.526 2025-26
2025-11-18 22500250    1627759             Jaylen Brown 1610612738       BOS       Boston   Celtics   celtics        F                    32.000000    9   19   0.474     3     7    0.429    8   10   0.800   29    4    4    1    0          8   2     3     1           2   -3.079 2025-26
2025-11-18 22500250    1641775             Jordan Walsh 1610612738       BOS       Boston   Celtics   celtics        F                    11.216667    2    2   1.000     0     0    0.000    0    0   0.000    4    1    0    0    0          0   4     1     0         -12   -5.928 2025-26
2025-11-18 22500250    1629674            Neemias Queta 1610612738       BOS       Boston   Celtics   celtics        C                    22.850000    3    5   0.600     0     0    0.000    0    0   0.000    6    7    2    0    3          0   5     5     2           5    4.113 2025-26
2025-11-18 22500250    1628401            Derrick White 1610612738       BOS       Boston   Celtics   celtics        G                    32.783333    6   15   0.400     3    10    0.300    0    0   0.000   15    5    4    2    2          4   3     5     0          15    5.974 2025-26
2025-11-18 22500250    1630202         Payton Pritchard 1610612738       BOS       Boston   Celtics   celtics        G                    35.250000    6   16   0.375     5    12    0.417    5    5   1.000   22   10    5    0    0          3   1     8     2          11    3.960 2025-26
2025-11-18 22500250    1629014          Anfernee Simons 1610612738       BOS       Boston   Celtics   celtics                             26.150000    3    4   0.750     2     3    0.667    3    5   0.600   11    4    5    0    0          3   2     4     0           0   -3.516 2025-26
2025-11-18 22500250    1630568               Luka Garza 1610612738       BOS       Boston   Celtics   celtics                             20.383333    1    1   1.000     0     0    0.000    3    4   0.750    5    5    0    1    0          1   4     3     2          14   -3.064 2025-26
2025-11-18 22500250    1630573               Sam Hauser 1610612738       BOS       Boston   Celtics   celtics                             22.016667    3    7   0.429     2     5    0.400    0    0   0.000    8    7    3    2    0          0   0     6     1          22    4.998 2025-26
2025-11-18 22500250    1631169              Josh Minott 1610612738       BOS       Boston   Celtics   celtics                             19.250000    3    4   0.750     3     3    1.000    1    2   0.500   10    4    0    0    0          0   1     2     2          15   -1.212 2025-26
2025-11-18 22500250    1631248        Baylor Scheierman 1610612738       BOS       Boston   Celtics   celtics                             13.366667    1    2   0.500     1     2    0.500    0    0   0.000    3    2    1    0    0          0   2     2     0           3   -4.747 2025-26
2025-11-18 22500250    1630214           Xavier Tillman 1610612738       BOS       Boston   Celtics   celtics                              4.783333    0    0   0.000     0     0    0.000    0    0   0.000    0    0    1    0    0          0   0     0     0          -5   -7.048 2025-26
2025-11-18 22500250    1629008       Michael Porter Jr. 1610612751       BKN     Brooklyn      Nets      nets        F                    33.700000    8   16   0.500     4     8    0.500    5    5   1.000   25    6    2    3    0          1   1     4     2          -9   11.761 2025-26
2025-11-18 22500250    1641730             Noah Clowney 1610612751       BKN     Brooklyn      Nets      nets        F                    22.683333    4    8   0.500     3     4    0.750    2    4   0.500   13    1    0    1    1          0   3     1     0         -14    1.820 2025-26
2025-11-18 22500250    1629651              Nic Claxton 1610612751       BKN     Brooklyn      Nets      nets        C                    30.100000    1    9   0.111     0     0    0.000    5    8   0.625    7   11    3    0    1          3   3     6     5         -10   -5.025 2025-26
2025-11-18 22500250    1629611             Terance Mann 1610612751       BKN     Brooklyn      Nets      nets        G                    27.216667    1    4   0.250     0     2    0.000    1    2   0.500    3    4    7    0    0          1   3     3     1          -8   -4.385 2025-26
2025-11-18 22500250    1642856               Egor Dëmin 1610612751       BKN     Brooklyn      Nets      nets        G                    23.250000    4   10   0.400     4     7    0.571    0    0   0.000   12    3    4    1    0          4   1     2     1          -6   -1.048 2025-26
2025-11-18 22500250    1642962             Drake Powell 1610612751       BKN     Brooklyn      Nets      nets                             24.466667    1    5   0.200     0     2    0.000    1    1   1.000    3    1    1    1    0          2   5     1     0          -2   -6.527 2025-26
2025-11-18 22500250    1630533          Ziaire Williams 1610612751       BKN     Brooklyn      Nets      nets                             27.333333    4   11   0.364     2     7    0.286    2    2   1.000   12    4    3    1    0          1   2     4     0          -4    0.516 2025-26
2025-11-18 22500250    1631213            Tyrese Martin 1610612751       BKN     Brooklyn      Nets      nets                             17.883333    3    6   0.500     1     3    0.333    1    2   0.500    8    1    2    2    0          0   0     1     0          -6    0.857 2025-26
2025-11-18 22500250    1630549           Day'Ron Sharpe 1610612751       BKN     Brooklyn      Nets      nets                             17.900000    7   10   0.700     0     2    0.000    2    3   0.667   16    7    2    3    0          1   3     4     3          -4    6.302 2025-26
2025-11-18 22500250    1630592             Jalen Wilson 1610612751       BKN     Brooklyn      Nets      nets                             11.600000    0    3   0.000     0     3    0.000    0    0   0.000    0    1    0    0    0          0   1     1     0          -3   -7.987 2025-26
2025-11-18 22500250    1642874               Danny Wolf 1610612751       BKN     Brooklyn      Nets      nets                              1.933333    0    0   0.000     0     0    0.000    0    0   0.000    0    0    0    0    0          0   0     0     0          -2   -7.526 2025-26
2025-11-18 22500250    1642849             Nolan Traore 1610612751       BKN     Brooklyn      Nets      nets                              1.933333    0    0   0.000     0     0    0.000    0    0   0.000    0    0    1    0    0          0   0     0     0          -2   -7.048 2025-26
2025-11-18 22500251    1629130          Duncan Robinson 1610612765       DET      Detroit   Pistons   pistons        F                    30.683333    5   10   0.500     4     9    0.444    0    0   0.000   14    3    3    1    0          2   1     2     1           4    1.713 2025-26
2025-11-18 22500251    1630191           Isaiah Stewart 1610612765       DET      Detroit   Pistons   pistons        F                    26.166667    4    7   0.571     0     0    0.000    5    5   1.000   13    9    3    0    0          2   2     7     2           6   -1.369 2025-26
2025-11-18 22500251    1631105              Jalen Duren 1610612765       DET      Detroit   Pistons   pistons        C                    28.883333    8   12   0.667     0     0    0.000    8   11   0.727   24    8    3    2    1          2   4     4     4           4    6.735 2025-26
2025-11-18 22500251    1642450           Daniss Jenkins 1610612765       DET      Detroit   Pistons   pistons        G                    29.666667    6   10   0.600     1     4    0.250    1    2   0.500   14    3    7    2    0          1   1     3     0           8    4.383 2025-26
2025-11-18 22500251    1630595          Cade Cunningham 1610612765       DET      Detroit   Pistons   pistons        G                    33.816667   10   23   0.435     1     7    0.143    4    4   1.000   25    6   10    2    0          3   4     6     0           3    6.411 2025-26
2025-11-18 22500251    1641709           Ausar Thompson 1610612765       DET      Detroit   Pistons   pistons                             23.750000    3    5   0.600     0     0    0.000    0    0   0.000    6    2    0    1    3          0   3     2     0         -10    3.795 2025-26
2025-11-18 22500251    1629750            Javonte Green 1610612765       DET      Detroit   Pistons   pistons                             28.616667    3    5   0.600     1     3    0.333    2    2   1.000    9    3    1    2    0          2   0     3     0          14    0.256 2025-26
2025-11-18 22500251    1630194                Paul Reed 1610612765       DET      Detroit   Pistons   pistons                              8.850000    2    2   1.000     0     0    0.000    0    0   0.000    4    2    0    1    0          0   0     2     0           0   -2.898 2025-26
2025-11-18 22500251    1641842        Ronald Holland II 1610612765       DET      Detroit   Pistons   pistons                             18.583333    1    2   0.500     0     1    0.000    0    0   0.000    2    1    1    1    0          0   1     1     0          13   -3.704 2025-26
2025-11-18 22500251    1642404              Chaz Lanier 1610612765       DET      Detroit   Pistons   pistons                             10.983333    3    7   0.429     3     7    0.429    0    0   0.000    9    2    0    0    0          0   0     2     0          -2   -2.502 2025-26
2025-11-18 22500251    1630249               Vít Krejčí 1610612737       ATL      Atlanta     Hawks     hawks        F                    36.083333    3    9   0.333     3     8    0.375    0    0   0.000    9    3    2    0    0          2   3     3     0           1   -4.076 2025-26
2025-11-18 22500251    1630552            Jalen Johnson 1610612737       ATL      Atlanta     Hawks     hawks        F                    39.100000    8   18   0.444     3     8    0.375    6    6   1.000   25    8    9    3    1          4   2     8     0          -7   13.221 2025-26
2025-11-18 22500251    1630168           Onyeka Okongwu 1610612737       ATL      Atlanta     Hawks     hawks        C                    33.583333    8   13   0.615     4     7    0.571    1    1   1.000   21    1    3    1    2          5   6     1     0         -22    4.018 2025-26
2025-11-18 22500251    1630700            Dyson Daniels 1610612737       ATL      Atlanta     Hawks     hawks        G                    37.583333    6    9   0.667     0     0    0.000    0    0   0.000   12    9    6    3    1          3   1     5     4           4    8.259 2025-26
2025-11-18 22500251    1629638 Nickeil Alexander-Walker 1610612737       ATL      Atlanta     Hawks     hawks        G                    36.716667    9   20   0.450     1     9    0.111    5    6   0.833   24    3    3    0    0          0   4     3     0         -19   -0.265 2025-26
2025-11-18 22500251    1628379             Luke Kennard 1610612737       ATL      Atlanta     Hawks     hawks                             17.083333    1    2   0.500     1     2    0.500    0    0   0.000    3    0    5    1    0          1   3     0     0           4   -2.174 2025-26
2025-11-18 22500251    1631243           Mouhamed Gueye 1610612737       ATL      Atlanta     Hawks     hawks                             21.400000    5   10   0.500     1     5    0.200    0    0   0.000   11   11    1    0    1          1   3     4     7          17    1.138 2025-26
2025-11-18 22500251    1630811           Keaton Wallace 1610612737       ATL      Atlanta     Hawks     hawks                             13.150000    2    4   0.500     2     4    0.500    1    2   0.500    7    0    2    1    0          1   1     0     0          -5   -2.471 2025-26
2025-11-18 22500251    1631216            Caleb Houstan 1610612737       ATL      Atlanta     Hawks     hawks                              3.383333    0    2   0.000     0     1    0.000    0    0   0.000    0    0    0    0    0          0   1     0     0          -9   -8.099 2025-26
2025-11-18 22500251    1642854               Asa Newell 1610612737       ATL      Atlanta     Hawks     hawks                              1.916667    0    0   0.000     0     0    0.000    0    0   0.000    0    0    0    0    0          0   0     0     0          -4   -7.526 2025-26
2025-11-18 22500252    1642377             Jaylen Wells 1610612763       MEM      Memphis Grizzlies grizzlies        F                    26.633333    4    9   0.444     1     4    0.250    0    0   0.000    9    1    2    2    0          0   1     1     0          -1    1.247 2025-26
2025-11-18 22500252    1628991        Jaren Jackson Jr. 1610612763       MEM      Memphis Grizzlies grizzlies        F                    33.183333    8   20   0.400     2     7    0.286    0    0   0.000   18    6    3    0    0          3   2     4     2          -4   -3.488 2025-26
2025-11-18 22500252    1641744                Zach Edey 1610612763       MEM      Memphis Grizzlies grizzlies        C                    25.083333    4   10   0.400     0     0    0.000    0    0   0.000    8   11    2    0    2          3   3     6     5           4   -0.592 2025-26
2025-11-18 22500252    1642907            Cedric Coward 1610612763       MEM      Memphis Grizzlies grizzlies        G                    25.500000    7   15   0.467     5     7    0.714    0    0   0.000   19   11    1    0    0          3   0     9     2           3    1.669 2025-26
2025-11-18 22500252    1631246       Vince Williams Jr. 1610612763       MEM      Memphis Grizzlies grizzlies        G                    29.833333    5   13   0.385     1     5    0.200    3    4   0.750   14    9    9    0    0          1   3     5     4          11    1.505 2025-26
2025-11-18 22500252    1642285              Cam Spencer 1610612763       MEM      Memphis Grizzlies grizzlies                             23.650000    6   10   0.600     3     7    0.429    0    0   0.000   15    2    3    0    0          1   1     2     0         -23   -0.445 2025-26
2025-11-18 22500252    1630583             Santi Aldama 1610612763       MEM      Memphis Grizzlies grizzlies                             25.866667    4   10   0.400     0     2    0.000    2    2   1.000   10    6    2    1    1          1   0     4     2          -2    0.959 2025-26
2025-11-18 22500252     203484 Kentavious Caldwell-Pope 1610612763       MEM      Memphis Grizzlies grizzlies                             18.933333    2    6   0.333     0     3    0.000    0    0   0.000    4    3    3    1    0          0   1     2     1         -16   -2.212 2025-26
2025-11-18 22500252    1629111             Jock Landale 1610612763       MEM      Memphis Grizzlies grizzlies                             17.550000    2    9   0.222     0     2    0.000    0    3   0.000    4    7    2    1    1          2   3     3     4         -17   -4.355 2025-26
2025-11-18 22500252    1629723             John Konchar 1610612763       MEM      Memphis Grizzlies grizzlies                             13.783333    0    2   0.000     0     2    0.000    0    0   0.000    0    3    3    1    0          0   1     2     1          -5   -2.837 2025-26
2025-11-18 22500252    1630577        Julian Champagnie 1610612759       SAS  San Antonio     Spurs     spurs        F                    24.383333    3    6   0.500     2     5    0.400    1    1   1.000    9    1    0    0    0          1   0     0     1          -7   -4.592 2025-26
2025-11-18 22500252     203084          Harrison Barnes 1610612759       SAS  San Antonio     Spurs     spurs        F                    32.150000    9   14   0.643     4     8    0.500    1    1   1.000   23    5    3    1    0          0   1     5     0           3    7.654 2025-26
2025-11-18 22500252    1628436              Luke Kornet 1610612759       SAS  San Antonio     Spurs     spurs        C                    25.083333    0    1   0.000     0     0    0.000    0    0   0.000    0    4    3    1    0          0   1     2     2          -4   -2.152 2025-26
2025-11-18 22500252    1630170            Devin Vassell 1610612759       SAS  San Antonio     Spurs     spurs        G                    34.666667    3   11   0.273     2     4    0.500    2    2   1.000   10    3    5    2    2          1   3     3     0          11    7.264 2025-26
2025-11-18 22500252    1628368             De'Aaron Fox 1610612759       SAS  San Antonio     Spurs     spurs        G                    33.200000   10   20   0.500     3     8    0.375    3    4   0.750   26    1    3    2    1          2   3     1     0           7    6.560 2025-26
2025-11-18 22500252    1631110            Jeremy Sochan 1610612759       SAS  San Antonio     Spurs     spurs                             22.200000    3    6   0.500     2     3    0.667    0    0   0.000    8    6    2    0    0          2   3     6     0          10   -3.210 2025-26
2025-11-18 22500252    1629640           Keldon Johnson 1610612759       SAS  San Antonio     Spurs     spurs                             30.233333    8   15   0.533     1     5    0.200    1    1   1.000   18    7    2    2    0          2   1     7     0          11    3.500 2025-26
2025-11-18 22500252     203482             Kelly Olynyk 1610612759       SAS  San Antonio     Spurs     spurs                             18.566667    3    6   0.500     1     4    0.250    3    4   0.750   10    5    3    2    0          1   4     5     0          15    2.534 2025-26
2025-11-18 22500252    1642868            Carter Bryant 1610612759       SAS  San Antonio     Spurs     spurs                              7.750000    2    5   0.400     1     3    0.333    0    0   0.000    5    2    0    0    0          0   0     1     1           1   -5.198 2025-26
2025-11-18 22500252    1630322         Lindy Waters III 1610612759       SAS  San Antonio     Spurs     spurs                              4.850000    0    2   0.000     0     2    0.000    0    0   0.000    0    3    0    0    0          0   0     3     0          -4   -6.904 2025-26
2025-11-18 22500252    1642357       David Jones Garcia 1610612759       SAS  San Antonio     Spurs     spurs                              6.916667    1    1   1.000     0     0    0.000    0    0   0.000    2    1    2    0    0          0   0     1     0           7   -5.571 2025-26
2025-11-18 22500253    1629004           Svi Mykhailiuk 1610612762       UTA         Utah      Jazz      jazz        F                    25.200000    5    7   0.714     3     5    0.600    0    0   0.000   13    3    1    0    0          1   2     3     0          -5   -1.031 2025-26
2025-11-18 22500253    1628374          Lauri Markkanen 1610612762       UTA         Utah      Jazz      jazz        F                    32.016667   12   21   0.571     3     9    0.333    4    4   1.000   31    5    2    2    0          1   4     3     2          -6    9.257 2025-26
2025-11-18 22500253     203994             Jusuf Nurkić 1610612762       UTA         Utah      Jazz      jazz        C                    28.866667    4    5   0.800     0     1    0.000    2    2   1.000   10   10    6    2    0          6   4     8     2         -13    0.426 2025-26
2025-11-18 22500253    1642846               Ace Bailey 1610612762       UTA         Utah      Jazz      jazz        G                    23.366667    6   12   0.500     1     6    0.167    0    0   0.000   13    1    1    1    0          1   3     0     1           6   -2.124 2025-26
2025-11-18 22500253    1641718           Keyonte George 1610612762       UTA         Utah      Jazz      jazz        G                    35.350000   13   23   0.565     5    13    0.385    3    3   1.000   34    4    8    2    0          4   4     4     0          -9   10.507 2025-26
2025-11-18 22500253     201567               Kevin Love 1610612762       UTA         Utah      Jazz      jazz                             13.533333    0    2   0.000     0     2    0.000    0    0   0.000    0    4    0    0    1          0   2     3     1          -8   -4.283 2025-26
2025-11-18 22500253     203937            Kyle Anderson 1610612762       UTA         Utah      Jazz      jazz                             20.033333    2    5   0.400     0     0    0.000    1    2   0.500    5    3    5    2    0          0   2     2     1           3    1.299 2025-26
2025-11-18 22500253    1641729         Brice Sensabaugh 1610612762       UTA         Utah      Jazz      jazz                             17.383333    1    6   0.167     1     6    0.167    0    0   0.000    3    1    3    2    0          1   5     0     1         -16   -1.246 2025-26
2025-11-18 22500253    1642268           Isaiah Collier 1610612762       UTA         Utah      Jazz      jazz                             20.983333    3    6   0.500     0     0    0.000    3    3   1.000    9    2    6    0    0          4   3     2     0         -13   -6.454 2025-26
2025-11-18 22500253    1642262            Cody Williams 1610612762       UTA         Utah      Jazz      jazz                             20.600000    2    5   0.400     0     3    0.000    0    0   0.000    4    0    0    1    1          0   1     0     0         -14   -2.332 2025-26
2025-11-18 22500253    1641989          Elijah Harkless 1610612762       UTA         Utah      Jazz      jazz                              2.666667    0    0   0.000     0     0    0.000    4    4   1.000    4    0    1    1    0          0   0     0     0           5   -2.855 2025-26
2025-11-18 22500253       2544             LeBron James 1610612747       LAL  Los Angeles    Lakers    lakers        F                    29.616667    4    7   0.571     2     3    0.667    1    4   0.250   11    3   12    1    0          1   0     2     1           1    2.908 2025-26
2025-11-18 22500253    1629060            Rui Hachimura 1610612747       LAL  Los Angeles    Lakers    lakers        F                    25.700000    3    8   0.375     0     2    0.000    0    0   0.000    6    4    1    0    0          0   1     2     2          14   -5.087 2025-26
2025-11-18 22500253    1629028            Deandre Ayton 1610612747       LAL  Los Angeles    Lakers    lakers        C                    30.000000   10   13   0.769     0     0    0.000    0    2   0.000   20   14    1    1    1          1   2    10     4          10    5.832 2025-26
2025-11-18 22500253    1630559            Austin Reaves 1610612747       LAL  Los Angeles    Lakers    lakers        G                    33.433333    7   11   0.636     1     4    0.250   11   12   0.917   26    5    1    1    0          4   3     4     1          10    0.653 2025-26
2025-11-18 22500253    1629029              Luka Dončić 1610612747       LAL  Los Angeles    Lakers    lakers        G                    34.233333   11   22   0.500     2    10    0.200   13   16   0.813   37    5   10    4    0          8   4     5     0          10    9.007 2025-26
2025-11-18 22500253     203935             Marcus Smart 1610612747       LAL  Los Angeles    Lakers    lakers                             17.150000    2    5   0.400     1     4    0.250    0    0   0.000    5    3    1    0    0          0   3     2     1          11   -4.322 2025-26
2025-11-18 22500253    1629637             Jaxson Hayes 1610612747       LAL  Los Angeles    Lakers    lakers                             15.033333    3    3   1.000     0     0    0.000    2    3   0.667    8    3    0    1    0          0   1     1     2          13   -1.874 2025-26
2025-11-18 22500253    1631222             Jake LaRavia 1610612747       LAL  Los Angeles    Lakers    lakers                             25.500000    6   10   0.600     2     5    0.400    2    3   0.667   16    4    2    1    0          0   1     4     0          12    2.516 2025-26
2025-11-18 22500253    1629216             Gabe Vincent 1610612747       LAL  Los Angeles    Lakers    lakers                             16.016667    2    3   0.667     2     3    0.667    0    0   0.000    6    0    1    0    0          0   3     0     0          15   -3.752 2025-26
2025-11-18 22500253    1642261            Dalton Knecht 1610612747       LAL  Los Angeles    Lakers    lakers                              3.550000    0    0   0.000     0     0    0.000    0    0   0.000    0    0    0    0    0          0   0     0     0          -7   -7.526 2025-26
2025-11-18 22500253    1642355             Bronny James 1610612747       LAL  Los Angeles    Lakers    lakers                              3.550000    1    1   1.000     1     1    1.000    0    0   0.000    3    0    2    0    0          3   1     0     0          -7   -8.308 2025-26
2025-11-18 22500253    1642876              Adou Thiero 1610612747       LAL  Los Angeles    Lakers    lakers                              3.550000    1    1   1.000     0     0    0.000    0    0   0.000    2    0    0    0    0          0   2     0     0          -7   -6.926 2025-26
2025-11-18 22500253    1628467              Maxi Kleber 1610612747       LAL  Los Angeles    Lakers    lakers                              2.666667    0    0   0.000     0     0    0.000    0    0   0.000    0    0    0    0    0          0   0     0     0          -5   -7.526 2025-26
Dropping columns not present in fantasy-survivor-app:nba_data.player_daily_game_stats_p: ['comment', 'jersey_num', 'plus_minus', 'position', 'team_abbr', 'team_city', 'team_id', 'team_name', 'team_slug']
Loaded 108 rows into fantasy-survivor-app.nba_data.player_daily_game_stats_p.
Dropping columns not present in fantasy-survivor-app:nba_data.player_daily_game_stats: ['comment', 'jersey_num', 'plus_minus', 'position', 'team_abbr', 'team_city', 'team_id', 'team_name', 'team_slug']
Loaded 108 rows into fantasy-survivor-app.nba_data.player_daily_game_stats.
Refreshed league_pg_stats_by_season ✅
/Users/danielshenmuan/PycharmProjects/nba_api/jobs/daily_ingest_local.py:181: DeprecationWarning: datetime.datetime.utcnow() is deprecated and scheduled for removal in a future version. Use timezone-aware objects to represent datetimes in UTC: datetime.datetime.now(datetime.UTC).
  target_date = (datetime.utcnow() - timedelta(days=1)).replace(
Fetching stats for 2025-11-19 across 9 games...
Retrieved 180 rows.
 game_date  game_id  player_id             player_name    team_id team_abbr     team_city     team_name    team_slug position comment jersey_num   minutes  fgm  fga  fg_pct  fg3m  fg3a  fg3_pct  ftm  fta  ft_pct  pts  reb  ast  stl  blk  turnovers  pf  dreb  oreb  plus_minus  z_score  season
2025-11-19 22500255    1631095        Jabari Smith Jr. 1610612745       HOU       Houston       Rockets      rockets        F                    30.816667    5   12   0.417     3     6    0.500    1    2   0.500   14    9    2    0    0          0   4     7     2          10    1.219 2025-26
2025-11-19 22500255    1630578          Alperen Sengun 1610612745       HOU       Houston       Rockets      rockets        F                    38.000000   10   17   0.588     0     0    0.000    8   10   0.800   28   11    7    1    1          5   3     9     2           2    4.777 2025-26
2025-11-19 22500255     203500            Steven Adams 1610612745       HOU       Houston       Rockets      rockets        C                    27.983333    2    6   0.333     0     0    0.000    2    2   1.000    6   11    3    0    1          2   2     5     6           6   -1.006 2025-26
2025-11-19 22500255     201142            Kevin Durant 1610612745       HOU       Houston       Rockets      rockets        G                    36.516667    6   18   0.333     1     6    0.167    7    8   0.875   20    3    3    0    0          4   2     3     0           6   -6.278 2025-26
2025-11-19 22500255    1641708           Amen Thompson 1610612745       HOU       Houston       Rockets      rockets        G                    40.316667    6   14   0.429     0     1    0.000    0    0   0.000   12    9    6    5    0          1   4     6     3           8   12.222 2025-26
2025-11-19 22500255    1642263           Reed Sheppard 1610612745       HOU       Houston       Rockets      rockets                             22.950000    5   11   0.455     2     5    0.400    0    0   0.000   12    2    2    1    1          0   4     1     1           7    2.746 2025-26
2025-11-19 22500255    1629006             Josh Okogie 1610612745       HOU       Houston       Rockets      rockets                              8.133333    0    2   0.000     0     1    0.000    0    0   0.000    0    1    0    0    0          0   0     0     1           9   -7.701 2025-26
2025-11-19 22500255     203991            Clint Capela 1610612745       HOU       Houston       Rockets      rockets                             13.900000    2    3   0.667     0     0    0.000    0    0   0.000    4    5    0    1    1          1   1     4     1           0   -0.943 2025-26
2025-11-19 22500255    1628988           Aaron Holiday 1610612745       HOU       Houston       Rockets      rockets                             19.283333    5    7   0.714     3     5    0.600    5    5   1.000   18    0    0    1    0          0   2     0     0           6    3.055 2025-26
2025-11-19 22500255    1630256           Jae'Sean Tate 1610612745       HOU       Houston       Rockets      rockets                              2.116667    0    0   0.000     0     0    0.000    0    0   0.000    0    0    0    0    0          0   1     0     0          -4   -7.526 2025-26
2025-11-19 22500255    1629631         De'Andre Hunter 1610612739       CLE     Cleveland     Cavaliers    cavaliers        F                    30.533333    6   11   0.545     5     8    0.625    8    8   1.000   25    4    2    0    0          3   3     2     2          -6    2.735 2025-26
2025-11-19 22500255    1630596             Evan Mobley 1610612739       CLE     Cleveland     Cavaliers    cavaliers        F                    35.683333    7   13   0.538     0     3    0.000    4   10   0.400   18    6    0    0    0          3   2     5     1         -10   -9.165 2025-26
2025-11-19 22500255    1628386           Jarrett Allen 1610612739       CLE     Cleveland     Cavaliers    cavaliers        C                    28.266667    4    9   0.444     0     0    0.000    0    0   0.000    8    7    3    1    0          1   3     5     2          -9   -0.883 2025-26
2025-11-19 22500255    1641772         Nae'Qwan Tomlin 1610612739       CLE     Cleveland     Cavaliers    cavaliers        G                    19.633333    4   10   0.400     0     5    0.000    2    4   0.500   10    2    0    0    0          0   1     0     2          -1   -6.781 2025-26
2025-11-19 22500255    1628378        Donovan Mitchell 1610612739       CLE     Cleveland     Cavaliers    cavaliers        G                    34.100000    8   17   0.471     3     9    0.333    2    2   1.000   21    3    2    2    0          4   2     2     1         -18    1.760 2025-26
2025-11-19 22500255    1641854        Craig Porter Jr. 1610612739       CLE     Cleveland     Cavaliers    cavaliers                             25.783333    4    6   0.667     1     2    0.500    0    0   0.000    9    7    5    0    2          1   2     6     1          -3    3.941 2025-26
2025-11-19 22500255    1628366              Lonzo Ball 1610612739       CLE     Cleveland     Cavaliers    cavaliers                             25.000000    2    8   0.250     2     8    0.250    1    2   0.500    7    2    2    1    1          0   1     2     0           1    0.578 2025-26
2025-11-19 22500255    1629731               Dean Wade 1610612739       CLE     Cleveland     Cavaliers    cavaliers                             26.716667    1    5   0.200     1     4    0.250    1    4   0.250    4    7    3    0    2          0   3     6     1           0   -0.091 2025-26
2025-11-19 22500255    1628418           Thomas Bryant 1610612739       CLE     Cleveland     Cavaliers    cavaliers                              3.883333    0    1   0.000     0     0    0.000    0    0   0.000    0    0    0    0    0          0   1     0     0          -1   -7.813 2025-26
2025-11-19 22500255    1642878          Tyrese Proctor 1610612739       CLE     Cleveland     Cavaliers    cavaliers                             10.383333    0    1   0.000     0     0    0.000    2    2   1.000    2    1    3    0    0          0   0     1     0          -3   -5.198 2025-26
2025-11-19 22500256    1642851            Kon Knueppel 1610612766       CHA     Charlotte       Hornets      hornets        F                    41.766667   11   20   0.550     5    12    0.417    1    1   1.000   28    8    7    0    0          2   2     4     4          -9    7.021 2025-26
2025-11-19 22500256    1628970           Miles Bridges 1610612766       CHA     Charlotte       Hornets      hornets        F                    35.400000    9   20   0.450     3     8    0.375    4    4   1.000   25    5    2    1    2          0   5     2     3          -2    9.879 2025-26
2025-11-19 22500256    1641750        Ryan Kalkbrenner 1610612766       CHA     Charlotte       Hornets      hornets        C                    24.700000    4    5   0.800     0     0    0.000    2    3   0.667   10    9    0    0    0          0   0     4     5         -11   -1.802 2025-26
2025-11-19 22500256    1642883              Sion James 1610612766       CHA     Charlotte       Hornets      hornets        G                    23.383333    0    4   0.000     0     1    0.000    1    2   0.500    1    2    1    1    0          1   2     2     0          -6   -6.308 2025-26
2025-11-19 22500256    1630163             LaMelo Ball 1610612766       CHA     Charlotte       Hornets      hornets        G                    27.316667    5   21   0.238     2    11    0.182    6    6   1.000   18    7    9    2    0          6   2     4     3          -5    0.910 2025-26
2025-11-19 22500256    1641809           Drew Peterson 1610612766       CHA     Charlotte       Hornets      hornets                             18.550000    2    6   0.333     0     4    0.000    0    0   0.000    4    3    0    1    0          0   1     3     0          -8   -3.647 2025-26
2025-11-19 22500256    1629012           Collin Sexton 1610612766       CHA     Charlotte       Hornets      hornets                             25.150000    4   13   0.308     0     3    0.000    3    3   1.000   11    0    5    1    0          2   2     0     0          -6   -3.862 2025-26
2025-11-19 22500256    1631217          Moussa Diabaté 1610612766       CHA     Charlotte       Hornets      hornets                             24.133333    3    9   0.333     0     0    0.000    2    3   0.667    8   12    3    0    0          1   3     5     7           2   -2.383 2025-26
2025-11-19 22500256    1642354              KJ Simpson 1610612766       CHA     Charlotte       Hornets      hornets                              3.300000    0    2   0.000     0     1    0.000    0    0   0.000    0    0    0    0    0          0   0     0     0          -7   -8.099 2025-26
2025-11-19 22500256    1626192         Pat Connaughton 1610612766       CHA     Charlotte       Hornets      hornets                             16.300000    5    7   0.714     3     5    0.600    0    0   0.000   13    2    1    1    0          0   1     2     0           7    2.378 2025-26
2025-11-19 22500256    1641767            Ben Sheppard 1610612754       IND       Indiana        Pacers       pacers        F                    31.316667    5   10   0.500     1     5    0.200    4    4   1.000   15    4    2    2    0          0   1     1     3          16    4.606 2025-26
2025-11-19 22500256    1627783           Pascal Siakam 1610612754       IND       Indiana        Pacers       pacers        F                    36.616667    9   17   0.529     2     8    0.250    2    2   1.000   22    4    7    1    1          2   3     4     0          25    6.182 2025-26
2025-11-19 22500256    1630543          Isaiah Jackson 1610612754       IND       Indiana        Pacers       pacers        C                    16.366667    1    2   0.500     0     0    0.000    0    0   0.000    2    4    1    0    4          2   4     2     2          -3    1.395 2025-26
2025-11-19 22500256    1631097      Bennedict Mathurin 1610612754       IND       Indiana        Pacers       pacers        G                    34.050000    7   13   0.538     2     5    0.400    8    9   0.889   24   12    2    1    0          1   2     9     3          -2    6.892 2025-26
2025-11-19 22500256    1629614         Andrew Nembhard 1610612754       IND       Indiana        Pacers       pacers        G                    33.950000    6   15   0.400     1     4    0.250    3    5   0.600   16    2    7    0    0          6   2     1     1          -9   -8.569 2025-26
2025-11-19 22500256    1628396            Tony Bradley 1610612754       IND       Indiana        Pacers       pacers                              4.433333    1    1   1.000     0     0    0.000    0    0   0.000    2    0    0    0    0          0   3     0     0          -5   -6.926 2025-26
2025-11-19 22500256    1641716           Jarace Walker 1610612754       IND       Indiana        Pacers       pacers                             25.566667    3    6   0.500     3     4    0.750    0    0   0.000    9    4    0    0    0          2   2     4     0          -2   -3.773 2025-26
2025-11-19 22500256    1630526  Jeremiah Robinson-Earl 1610612754       IND       Indiana        Pacers       pacers                             16.516667    1    2   0.500     1     1    1.000    0    0   0.000    3    2    1    1    0          0   1     1     1         -10   -2.115 2025-26
2025-11-19 22500256    1630643                Jay Huff 1610612754       IND       Indiana        Pacers       pacers                             27.133333    7   13   0.538     4     9    0.444    2    3   0.667   20    5    4    0    3          1   3     5     0          17    9.135 2025-26
2025-11-19 22500256     204456          T.J. McConnell 1610612754       IND       Indiana        Pacers       pacers                             14.050000    6    6   1.000     2     2    1.000    0    0   0.000   14    6    8    0    0          1   1     6     0          18    3.496 2025-26
2025-11-19 22500257    1642954            Will Richard 1610612744       GSW  Golden State      Warriors     warriors        F                    18.083333    0    3   0.000     0     2    0.000    0    0   0.000    0    3    0    0    0          1   1     2     1         -25   -8.367 2025-26
2025-11-19 22500257    1630611              Gui Santos 1610612744       GSW  Golden State      Warriors     warriors        F                    18.433333    1    7   0.143     1     6    0.167    1    2   0.500    4    6    0    0    1          2   2     3     3         -14   -5.560 2025-26
2025-11-19 22500257    1631218    Trayce Jackson-Davis 1610612744       GSW  Golden State      Warriors     warriors        C                    24.950000    2    3   0.667     0     0    0.000    4    7   0.571    8   12    0    0    1          1   1     5     7         -16   -1.496 2025-26
2025-11-19 22500257    1630541             Moses Moody 1610612744       GSW  Golden State      Warriors     warriors        G                    35.700000    3   12   0.250     1     6    0.167    2    2   1.000    9    6    4    1    1          3   3     5     1         -11   -0.706 2025-26
2025-11-19 22500257    1641764      Brandin Podziemski 1610612744       GSW  Golden State      Warriors     warriors        G                    34.450000    6   19   0.316     2     7    0.286    6    7   0.857   20    8    2    0    0          3   2     6     2         -13   -3.069 2025-26
2025-11-19 22500257    1627741             Buddy Hield 1610612744       GSW  Golden State      Warriors     warriors                             30.833333    7   20   0.350     4    15    0.267    0    0   0.000   18    6    3    2    0          4   4     6     0         -11    2.094 2025-26
2025-11-19 22500257    1627780          Gary Payton II 1610612744       GSW  Golden State      Warriors     warriors                             19.116667    2    5   0.400     1     2    0.500    2    2   1.000    7    7    0    2    2          0   2     6     1           5    7.282 2025-26
2025-11-19 22500257    1630311             Pat Spencer 1610612744       GSW  Golden State      Warriors     warriors                             32.116667    5   13   0.385     1     4    0.250    0    0   0.000   11    8   13    2    0          2   4     3     5          10    6.692 2025-26
2025-11-19 22500257    1642366            Quinten Post 1610612744       GSW  Golden State      Warriors     warriors                             26.316667    8   13   0.615     3     7    0.429    0    0   0.000   19    6    2    1    0          5   1     6     0           5   -0.494 2025-26
2025-11-19 22500257    1641796           Pelle Larsson 1610612748       MIA         Miami          Heat         heat        F                    28.333333    3   11   0.273     1     4    0.250    3    4   0.750   10    3    4    1    0          2   3     2     1          -4   -3.024 2025-26
2025-11-19 22500257     203952          Andrew Wiggins 1610612748       MIA         Miami          Heat         heat        F                    34.433333    7   16   0.438     2     4    0.500    1    2   0.500   17    6    1    2    1          1   4     5     1          25    5.292 2025-26
2025-11-19 22500257    1628389             Bam Adebayo 1610612748       MIA         Miami          Heat         heat        C                    28.800000    7   13   0.538     3     4    0.750    3    3   1.000   20    7    3    1    2          1   1     6     1          15    9.817 2025-26
2025-11-19 22500257    1626181           Norman Powell 1610612748       MIA         Miami          Heat         heat        G                    28.300000   10   14   0.714     4     7    0.571    1    1   1.000   25    6    3    1    0          1   3     6     0          11    7.758 2025-26
2025-11-19 22500257    1630558         Davion Mitchell 1610612748       MIA         Miami          Heat         heat        G                    24.283333    2    5   0.400     1     1    1.000    0    0   0.000    5    1    6    0    0          0   4     1     0          13   -2.726 2025-26
2025-11-19 22500257    1631170        Jaime Jaquez Jr. 1610612748       MIA         Miami          Heat         heat                             34.400000    4   12   0.333     0     2    0.000    4    5   0.800   12    5    7    2    0          2   2     1     4          12    1.635 2025-26
2025-11-19 22500257    1631323       Simone Fontecchio 1610612748       MIA         Miami          Heat         heat                             18.533333    2   10   0.200     2     8    0.250    4    5   0.800   10    4    2    1    0          4   0     3     1          -2   -4.956 2025-26
2025-11-19 22500257    1642276             Kel'el Ware 1610612748       MIA         Miami          Heat         heat                             19.200000    3   10   0.300     0     3    0.000    1    2   0.500    7   16    0    0    0          1   0    12     4          -1   -2.900 2025-26
2025-11-19 22500257    1630696               Dru Smith 1610612748       MIA         Miami          Heat         heat                             23.716667    1    5   0.200     0     2    0.000    2    4   0.500    4    4    4    2    0          2   0     2     2           1   -2.386 2025-26
2025-11-19 22500258    1627742          Brandon Ingram 1610612761       TOR       Toronto       Raptors      raptors        F                    31.150000    7   10   0.700     2     2    1.000    6    7   0.857   22    0    5    0    0          4   5     0     0          -1   -2.534 2025-26
2025-11-19 22500258    1630567          Scottie Barnes 1610612761       TOR       Toronto       Raptors      raptors        F                    36.033333    8   17   0.471     0     2    0.000    0    0   0.000   16    9    5    1    1          6   2     5     4          14   -1.530 2025-26
2025-11-19 22500258    1627751            Jakob Poeltl 1610612761       TOR       Toronto       Raptors      raptors        C                    32.833333    8   10   0.800     0     0    0.000    3    4   0.750   19    8    4    1    0          1   3     5     3           4    3.670 2025-26
2025-11-19 22500258    1629628              RJ Barrett 1610612761       TOR       Toronto       Raptors      raptors        G                    33.900000    6   12   0.500     2     5    0.400    8    9   0.889   22    3    4    0    0          0   2     3     0           7    2.212 2025-26
2025-11-19 22500258    1630193       Immanuel Quickley 1610612761       TOR       Toronto       Raptors      raptors        G                    38.483333    7   15   0.467     4     9    0.444    0    0   0.000   18    5    6    3    0          1   2     5     0           8   10.728 2025-26
2025-11-19 22500258    1642266          Ja'Kobe Walter 1610612761       TOR       Toronto       Raptors      raptors                             14.550000    4    5   0.800     3     4    0.750    0    0   0.000   11    1    1    3    0          1   1     1     0           8    5.755 2025-26
2025-11-19 22500258    1642347             Jamal Shead 1610612761       TOR       Toronto       Raptors      raptors                             19.900000    0    3   0.000     0     1    0.000    0    0   0.000    0    2    6    1    0          1   1     2     0          -7   -3.263 2025-26
2025-11-19 22500258    1630572   Sandro Mamukelashvili 1610612761       TOR       Toronto       Raptors      raptors                             15.166667    2    5   0.400     0     2    0.000    3    4   0.750    7    2    2    1    0          0   2     1     1           5   -2.386 2025-26
2025-11-19 22500258    1641711             Gradey Dick 1610612761       TOR       Toronto       Raptors      raptors                             14.516667    2    4   0.500     0     2    0.000    0    0   0.000    4    1    0    2    1          0   0     1     0           4    0.984 2025-26
2025-11-19 22500258    1642419          Jamison Battle 1610612761       TOR       Toronto       Raptors      raptors                              3.466667    1    3   0.333     0     2    0.000    0    0   0.000    2    0    0    0    0          0   1     0     0           3   -7.500 2025-26
2025-11-19 22500258    1642348          Justin Edwards 1610612755       PHI  Philadelphia         76ers       sixers        F                    22.550000    2    6   0.333     0     2    0.000    4    4   1.000    8    2    2    1    0          2   2     1     1           1   -3.880 2025-26
2025-11-19 22500258    1631230         Dominick Barlow 1610612755       PHI  Philadelphia         76ers       sixers        F                    17.266667    2    5   0.400     1     2    0.500    0    0   0.000    5    3    3    0    1          3   2     1     2          -2   -4.672 2025-26
2025-11-19 22500258     203083          Andre Drummond 1610612755       PHI  Philadelphia         76ers       sixers        C                    34.050000    5    9   0.556     0     1    0.000    0    0   0.000   10   12    0    2    1          3   3     8     4          -4    3.066 2025-26
2025-11-19 22500258    1642845            VJ Edgecombe 1610612755       PHI  Philadelphia         76ers       sixers        G                    37.100000    8   20   0.400     1     6    0.167    4    5   0.800   21    6    4    3    2          4   3     3     3          -9    7.767 2025-26
2025-11-19 22500258    1630178            Tyrese Maxey 1610612755       PHI  Philadelphia         76ers       sixers        G                    38.500000    8   14   0.571     5     9    0.556    3    4   0.750   24    2    9    3    1          3   1     1     1          -2   13.609 2025-26
2025-11-19 22500258    1629656          Quentin Grimes 1610612755       PHI  Philadelphia         76ers       sixers                             31.933333    7   15   0.467     4     8    0.500    3    3   1.000   21    2    2    2    0          1   2     2     0          -5    6.158 2025-26
2025-11-19 22500258    1630570         Trendon Watford 1610612755       PHI  Philadelphia         76ers       sixers                             21.466667    3    5   0.600     1     2    0.500    2    2   1.000    9    3    2    0    0          3   3     3     0          -9   -5.705 2025-26
2025-11-19 22500258    1631133           Jabari Walker 1610612755       PHI  Philadelphia         76ers       sixers                             23.216667    4    6   0.667     1     1    1.000    0    0   0.000    9    9    2    0    1          1   2     4     5          -3    1.081 2025-26
2025-11-19 22500258    1642272            Jared McCain 1610612755       PHI  Philadelphia         76ers       sixers                             13.916667    2    7   0.286     1     4    0.250    0    0   0.000    5    2    0    0    0          1   2     2     0         -12   -6.947 2025-26
2025-11-19 22500259    1641731         Bilal Coulibaly 1610612764       WAS    Washington       Wizards      wizards        F                    29.333333    5    6   0.833     2     3    0.667    1    1   1.000   13    4    4    0    2          1   3     4     0          -2    4.733 2025-26
2025-11-19 22500259     203114         Khris Middleton 1610612764       WAS    Washington       Wizards      wizards        F                    27.450000    6   10   0.600     1     1    1.000    0    0   0.000   13    6    2    0    1          1   2     4     2          -2    0.510 2025-26
2025-11-19 22500259    1628963       Marvin Bagley III 1610612764       WAS    Washington       Wizards      wizards        C                    30.566667    6   11   0.545     0     0    0.000    1    2   0.500   13    7    3    3    1          2   3     4     3          10    6.259 2025-26
2025-11-19 22500259    1642273          Kyshawn George 1610612764       WAS    Washington       Wizards      wizards        G                    37.366667    8   17   0.471     4     8    0.500    3    5   0.600   23    7    7    1    1          4   4     5     2          -7    5.406 2025-26
2025-11-19 22500259     203468             CJ McCollum 1610612764       WAS    Washington       Wizards      wizards        G                    30.950000    6   15   0.400     2     6    0.333    0    0   0.000   14    5    4    0    0          1   1     4     1           1   -1.395 2025-26
2025-11-19 22500259    1641715            Cam Whitmore 1610612764       WAS    Washington       Wizards      wizards                             19.633333    5    8   0.625     1     2    0.500    2    2   1.000   13    6    2    0    1          0   1     5     1          -2    2.154 2025-26
2025-11-19 22500259    1630557           Corey Kispert 1610612764       WAS    Washington       Wizards      wizards                             10.716667    0    4   0.000     0     2    0.000    0    0   0.000    0    1    1    0    0          1   0     0     1         -12   -8.972 2025-26
2025-11-19 22500259    1641774        Tristan Vukcevic 1610612764       WAS    Washington       Wizards      wizards                             20.016667    2    8   0.250     1     4    0.250    2    2   1.000    7    5    1    0    0          3   6     3     2         -24   -7.133 2025-26
2025-11-19 22500259    1642267          Bub Carrington 1610612764       WAS    Washington       Wizards      wizards                             16.616667    1    3   0.333     1     2    0.500    0    0   0.000    3    1    1    0    0          1   3     1     0         -16   -6.609 2025-26
2025-11-19 22500259    1642848             Tre Johnson 1610612764       WAS    Washington       Wizards      wizards                             17.383333    4    6   0.667     2     4    0.500    0    0   0.000   10    1    0    2    0          3   3     1     0          -1   -1.185 2025-26
2025-11-19 22500259    1630162         Anthony Edwards 1610612750       MIN     Minnesota  Timberwolves timberwolves        F                    36.466667    6   20   0.300     1     8    0.125    5    5   1.000   18    2    2    2    1          1   2     0     2           2    3.266 2025-26
2025-11-19 22500259     203944           Julius Randle 1610612750       MIN     Minnesota  Timberwolves timberwolves        F                    32.600000   11   19   0.579     1     4    0.250    9   13   0.692   32   10    6    0    0          1   1     8     2           0    4.134 2025-26
2025-11-19 22500259     203497             Rudy Gobert 1610612750       MIN     Minnesota  Timberwolves timberwolves        C                    36.083333    4    5   0.800     0     0    0.000    1    2   0.500    9   15    3    0    1          4   4     8     7           6   -0.851 2025-26
2025-11-19 22500259    1628978        Donte DiVincenzo 1610612750       MIN     Minnesota  Timberwolves timberwolves        G                    36.033333    4    8   0.500     4     6    0.667    0    0   0.000   12    5    6    1    0          2   3     5     0          10    3.632 2025-26
2025-11-19 22500259     201144             Mike Conley 1610612750       MIN     Minnesota  Timberwolves timberwolves        G                    27.416667    1    4   0.250     1     3    0.333    7    9   0.778   10    1    6    1    0          0   1     0     1         -10    0.528 2025-26
2025-11-19 22500259    1629675                Naz Reid 1610612750       MIN     Minnesota  Timberwolves timberwolves                             27.316667   11   21   0.524     5    10    0.500    1    1   1.000   28    5    1    2    1          1   2     2     3          16   11.333 2025-26
2025-11-19 22500259    1641740            Jaylen Clark 1610612750       MIN     Minnesota  Timberwolves timberwolves                             25.816667    3    7   0.429     1     3    0.333    0    2   0.000    7    5    0    3    1          0   1     2     3           5    4.917 2025-26
2025-11-19 22500259    1642265          Rob Dillingham 1610612750       MIN     Minnesota  Timberwolves timberwolves                              8.650000    1    6   0.167     0     2    0.000    0    0   0.000    2    4    2    2    0          0   0     4     0          10   -0.544 2025-26
2025-11-19 22500259    1630538            Bones Hyland 1610612750       MIN     Minnesota  Timberwolves timberwolves                              9.616667    1    4   0.250     0     2    0.000    0    0   0.000    2    3    2    0    0          0   1     2     1          16   -5.634 2025-26
2025-11-19 22500260    1631212           Peyton Watson 1610612743       DEN        Denver       Nuggets      nuggets        F                    34.350000   13   19   0.684     5     9    0.556    1    1   1.000   32   12    3    1    0          4   4     9     3           3    9.036 2025-26
2025-11-19 22500260    1630192              Zeke Nnaji 1610612743       DEN        Denver       Nuggets      nuggets        F                    26.600000    0    3   0.000     0     2    0.000    2    2   1.000    2    4    0    2    1          0   2     4     0         -18    1.474 2025-26
2025-11-19 22500260     203999            Nikola Jokić 1610612743       DEN        Denver       Nuggets      nuggets        C                    34.433333   10   18   0.556     2     4    0.500    6    7   0.857   28   11   12    0    0          9   6     7     4           9   -0.313 2025-26
2025-11-19 22500260    1629661         Cameron Johnson 1610612743       DEN        Denver       Nuggets      nuggets        G                    32.466667    6    8   0.750     1     3    0.333    1    2   0.500   14    3    5    1    0          2   2     3     0           2    0.191 2025-26
2025-11-19 22500260    1627750            Jamal Murray 1610612743       DEN        Denver       Nuggets      nuggets        G                    35.550000    5   14   0.357     2     7    0.286    4    5   0.800   16    0    8    0    0          3   4     0     0          -2   -3.622 2025-26
2025-11-19 22500260     203501        Tim Hardaway Jr. 1610612743       DEN        Denver       Nuggets      nuggets                             23.066667    3    9   0.333     1     5    0.200    0    0   0.000    7    1    1    0    0          0   0     1     0          11   -5.380 2025-26
2025-11-19 22500260    1628971             Bruce Brown 1610612743       DEN        Denver       Nuggets      nuggets                             27.016667    5    7   0.714     0     1    0.000    2    4   0.500   12    3    4    3    0          2   3     2     1          22    2.818 2025-26
2025-11-19 22500260    1642461           Spencer Jones 1610612743       DEN        Denver       Nuggets      nuggets                             10.516667    0    0   0.000     0     0    0.000    0    0   0.000    0    0    2    1    0          0   2     0     0           6   -3.938 2025-26
2025-11-19 22500260     202685       Jonas Valančiūnas 1610612743       DEN        Denver       Nuggets      nuggets                             16.000000    4    5   0.800     0     0    0.000    6    6   1.000   14    7    0    0    0          0   3     6     1           2   -0.283 2025-26
2025-11-19 22500260    1630530         Trey Murphy III 1610612740       NOP   New Orleans      Pelicans     pelicans        F                    35.950000    7   14   0.500     5    12    0.417    4    4   1.000   23    2    3    5    1          3   0     2     0          -4   16.265 2025-26
2025-11-19 22500260    1629627         Zion Williamson 1610612740       NOP   New Orleans      Pelicans     pelicans        F                    29.100000    6   13   0.462     0     0    0.000    2    4   0.500   14    6    5    1    1          3   4     3     3          14   -0.554 2025-26
2025-11-19 22500260    1642852             Derik Queen 1610612740       NOP   New Orleans      Pelicans     pelicans        C                    30.416667   12   18   0.667     1     2    0.500    5    8   0.625   30    9    4    2    2          4   4     5     4           0    9.331 2025-26
2025-11-19 22500260    1630529           Herbert Jones 1610612740       NOP   New Orleans      Pelicans     pelicans        G                    29.000000    3    8   0.375     1     4    0.250    2    2   1.000    9    2    3    2    0          0   6     1     1           8    2.307 2025-26
2025-11-19 22500260    1642847          Jeremiah Fears 1610612740       NOP   New Orleans      Pelicans     pelicans        G                    25.466667    7   15   0.467     0     4    0.000    2    2   1.000   16    3    1    0    1          0   0     3     0          -3   -0.941 2025-26
2025-11-19 22500260    1642274              Yves Missi 1610612740       NOP   New Orleans      Pelicans     pelicans                             12.350000    2    5   0.400     0     0    0.000    3    4   0.750    7    8    2    0    0          0   4     2     6          -3   -2.627 2025-26
2025-11-19 22500260    1630180              Saddiq Bey 1610612740       NOP   New Orleans      Pelicans     pelicans                             18.900000    0    3   0.000     0     3    0.000    2    4   0.500    2    2    2    1    0          1   1     2     0         -21   -5.908 2025-26
2025-11-19 22500260    1630631           Jose Alvarado 1610612740       NOP   New Orleans      Pelicans     pelicans                             18.900000    1    6   0.167     0     4    0.000    0    0   0.000    2    4    2    1    0          0   0     3     1         -13   -3.176 2025-26
2025-11-19 22500260    1641722          Jordan Hawkins 1610612740       NOP   New Orleans      Pelicans     pelicans                             17.616667    3    7   0.429     0     2    0.000    0    0   0.000    6    1    1    0    0          1   1     1     0          -9   -7.171 2025-26
2025-11-19 22500260    1642877             Micah Peavy 1610612740       NOP   New Orleans      Pelicans     pelicans                             17.066667    3    8   0.375     0     3    0.000    3    3   1.000    9    3    1    0    0          0   2     2     1           0   -4.315 2025-26
2025-11-19 22500260    1626172            Kevon Looney 1610612740       NOP   New Orleans      Pelicans     pelicans                              5.233333    0    1   0.000     0     0    0.000    0    0   0.000    0    4    1    0    0          0   2     3     1          -4   -5.741 2025-26
2025-11-19 22500261     201942           DeMar DeRozan 1610612758       SAC    Sacramento         Kings        kings        F                    34.916667    4   12   0.333     0     2    0.000    9   10   0.900   17    3    5    3    0          1   3     1     2         -12    5.641 2025-26
2025-11-19 22500261    1630173        Precious Achiuwa 1610612758       SAC    Sacramento         Kings        kings        F                    26.200000    6   12   0.500     1     1    1.000    2    4   0.500   15    9    3    1    0          2   2     4     5          -6    0.112 2025-26
2025-11-19 22500261    1629234            Drew Eubanks 1610612758       SAC    Sacramento         Kings        kings        C                    22.566667    3    6   0.500     0     0    0.000    0    0   0.000    6    3    0    2    0          1   2     2     1         -13   -1.304 2025-26
2025-11-19 22500261     203897             Zach LaVine 1610612758       SAC    Sacramento         Kings        kings        G                    30.150000    4   10   0.400     0     4    0.000    0    0   0.000    8    4    2    0    0          5   1     3     1         -16  -10.178 2025-26
2025-11-19 22500261     201566       Russell Westbrook 1610612758       SAC    Sacramento         Kings        kings        G                    29.616667    3    7   0.429     1     4    0.250    0    2   0.000    7   11    6    3    0          2   3    10     1          -7    5.603 2025-26
2025-11-19 22500261    1642363          Nique Clifford 1610612758       SAC    Sacramento         Kings        kings                              8.350000    0    0   0.000     0     0    0.000    0    0   0.000    0    0    0    0    0          1   2     0     0          -4   -8.702 2025-26
2025-11-19 22500261    1642875          Maxime Raynaud 1610612758       SAC    Sacramento         Kings        kings                             18.600000    3    5   0.600     1     1    1.000    0    0   0.000    7    4    0    0    0          0   2     4     0           3   -3.515 2025-26
2025-11-19 22500261    1628370              Malik Monk 1610612758       SAC    Sacramento         Kings        kings                             27.250000    5    9   0.556     3     5    0.600    3    4   0.750   16    3    2    2    0          1   3     3     0          -4    4.556 2025-26
2025-11-19 22500261     203471         Dennis Schröder 1610612758       SAC    Sacramento         Kings        kings                             31.750000    9   21   0.429     2     9    0.222    1    3   0.333   21    5    3    0    0          4   3     3     2          -7   -5.581 2025-26
2025-11-19 22500261    1631165              Keon Ellis 1610612758       SAC    Sacramento         Kings        kings                             10.600000    1    4   0.250     0     2    0.000    0    0   0.000    2    3    0    1    0          1   1     3     0          -4   -5.136 2025-26
2025-11-19 22500261    1629652           Luguentz Dort 1610612760       OKC Oklahoma City       Thunder      thunder        F                    33.066667    5   10   0.500     4     8    0.500    0    0   0.000   14    4    1    1    1          2   4     3     1          11    3.377 2025-26
2025-11-19 22500261    1631096           Chet Holmgren 1610612760       OKC Oklahoma City       Thunder      thunder        F                    31.016667   10   15   0.667     1     5    0.200    0    0   0.000   21    7    1    1    3          6   2     6     1           1    3.740 2025-26
2025-11-19 22500261    1628392      Isaiah Hartenstein 1610612760       OKC Oklahoma City       Thunder      thunder        C                    26.516667    1    2   0.500     0     0    0.000    2    2   1.000    4   12    3    0    2          1   5     8     4           8    3.052 2025-26
2025-11-19 22500261    1641717           Cason Wallace 1610612760       OKC Oklahoma City       Thunder      thunder        G                    26.083333    5    9   0.556     2     5    0.400    0    0   0.000   12    2    1    1    1          0   2     2     0           8    2.840 2025-26
2025-11-19 22500261    1628983 Shai Gilgeous-Alexander 1610612760       OKC Oklahoma City       Thunder      thunder        G                    35.566667   12   24   0.500     1     3    0.333    8   10   0.800   33    8    3    2    0          3   0     6     2           9    5.390 2025-26
2025-11-19 22500261    1630198              Isaiah Joe 1610612760       OKC Oklahoma City       Thunder      thunder                             20.333333    1    5   0.200     1     5    0.200    4    4   1.000    7    2    1    0    1          0   2     2     0           4   -1.823 2025-26
2025-11-19 22500261    1631119         Jaylin Williams 1610612760       OKC Oklahoma City       Thunder      thunder                              9.666667    0    2   0.000     0     2    0.000    2    2   1.000    2    1    1    1    0          0   2     1     0          11   -3.810 2025-26
2025-11-19 22500261    1642349           Ajay Mitchell 1610612760       OKC Oklahoma City       Thunder      thunder                             29.083333    4   10   0.400     0     3    0.000    5    5   1.000   13    3    6    2    1          4   1     3     0          14    1.951 2025-26
2025-11-19 22500261    1642382         Branden Carlson 1610612760       OKC Oklahoma City       Thunder      thunder                              4.933333    1    3   0.333     0     1    0.000    0    0   0.000    2    1    0    0    0          0   2     1     0           0   -7.102 2025-26
2025-11-19 22500261    1627936             Alex Caruso 1610612760       OKC Oklahoma City       Thunder      thunder                             20.733333    1    7   0.143     0     5    0.000    0    0   0.000    2    4    5    1    1          0   1     3     1           4    0.195 2025-26
2025-11-19 22500261    1642964        Brooks Barnhizer 1610612760       OKC Oklahoma City       Thunder      thunder                              1.500000    0    0   0.000     0     0    0.000    0    0   0.000    0    1    0    0    0          0   0     1     0           0   -7.128 2025-26
2025-11-19 22500261    1642959        Chris Youngblood 1610612760       OKC Oklahoma City       Thunder      thunder                              1.500000    1    1   1.000     1     1    1.000    0    0   0.000    3    0    0    0    0          0   0     0     0           0   -5.735 2025-26
2025-11-19 22500262    1628969           Mikal Bridges 1610612752       NYK      New York        Knicks       knicks        F                    35.050000    7   13   0.538     1     5    0.200    1    2   0.500   16    5    6    3    2          2   1     4     1          -3   10.624 2025-26
2025-11-19 22500262    1626157      Karl-Anthony Towns 1610612752       NYK      New York        Knicks       knicks        F                    34.833333    6   16   0.375     1     6    0.167    5    9   0.556   18   14    6    2    0          3   4    10     4           4    3.512 2025-26
2025-11-19 22500262    1629011       Mitchell Robinson 1610612752       NYK      New York        Knicks       knicks        C                    21.550000    1    1   1.000     0     0    0.000    1    6   0.167    3    8    1    0    1          1   2     5     3         -12   -5.603 2025-26
2025-11-19 22500262    1629013           Landry Shamet 1610612752       NYK      New York        Knicks       knicks        G                    23.116667    3    6   0.500     2     3    0.667    1    3   0.333    9    3    1    1    1          1   1     2     1         -10    0.024 2025-26
2025-11-19 22500262    1628973           Jalen Brunson 1610612752       NYK      New York        Knicks       knicks        G                    34.766667   11   23   0.478     2     7    0.286    4    6   0.667   28    3    5    1    1          1   4     3     0          13    5.327 2025-26
2025-11-19 22500262    1628404               Josh Hart 1610612752       NYK      New York        Knicks       knicks                             30.033333    5   10   0.500     3     4    0.750    3    4   0.750   16   10    5    1    1          1   5     7     3           8    8.082 2025-26
2025-11-19 22500262    1627824      Guerschon Yabusele 1610612752       NYK      New York        Knicks       knicks                             16.866667    2    7   0.286     0     5    0.000    0    0   0.000    4    2    1    0    1          0   1     1     1          15   -4.261 2025-26
2025-11-19 22500262    1630540           Miles McBride 1610612752       NYK      New York        Knicks       knicks                             21.750000    4   12   0.333     3    10    0.300    0    0   0.000   11    0    2    0    2          0   2     0     0          -8    1.552 2025-26
2025-11-19 22500262     203903         Jordan Clarkson 1610612752       NYK      New York        Knicks       knicks                             20.283333    2    5   0.400     0     2    0.000    4    5   0.800    8    4    0    0    0          0   1     1     3           2   -4.787 2025-26
2025-11-19 22500262    1642885         Mohamed Diawara 1610612752       NYK      New York        Knicks       knicks                              1.766667    0    0   0.000     0     0    0.000    0    0   0.000    0    0    0    0    1          0   1     0     0           1   -5.304 2025-26
2025-11-19 22500262     202691           Klay Thompson 1610612742       DAL        Dallas     Mavericks    mavericks        F                    26.533333    5   11   0.455     3     9    0.333    0    0   0.000   13    2    2    0    0          0   3     2     0          -4   -0.917 2025-26
2025-11-19 22500262    1629023         P.J. Washington 1610612742       DAL        Dallas     Mavericks    mavericks        F                    33.433333    1   12   0.083     1     5    0.200    3    4   0.750    6   10    4    3    0          1   3     8     2          -6    4.141 2025-26
2025-11-19 22500262    1641726        Dereck Lively II 1610612742       DAL        Dallas     Mavericks    mavericks        C                    17.700000    1    3   0.333     0     0    0.000    2    2   1.000    4   10    1    0    3          1   1     5     5          10    3.233 2025-26
2025-11-19 22500262    1631108            Max Christie 1610612742       DAL        Dallas     Mavericks    mavericks        G                    37.350000    5   10   0.500     3     6    0.500    2    2   1.000   15    7    1    1    0          3   4     7     0          -1    0.763 2025-26
2025-11-19 22500262    1630314        Brandon Williams 1610612742       DAL        Dallas     Mavericks    mavericks        G                    20.416667    2   11   0.182     1     6    0.167    4    4   1.000    9    2    4    1    0          3   4     1     1          -7   -4.339 2025-26
2025-11-19 22500262    1626156        D'Angelo Russell 1610612742       DAL        Dallas     Mavericks    mavericks                             24.666667    9   15   0.600     4     7    0.571    1    2   0.500   23    5    7    1    0          3   2     5     0          13    4.994 2025-26
2025-11-19 22500262    1629655          Daniel Gafford 1610612742       DAL        Dallas     Mavericks    mavericks                             24.600000    2    3   0.667     0     0    0.000    3    4   0.750    7    8    2    0    1          1   5     6     2         -11   -1.008 2025-26
2025-11-19 22500262    1630230           Naji Marshall 1610612742       DAL        Dallas     Mavericks    mavericks                             33.600000    7   11   0.636     3     5    0.600    6    7   0.857   23    5    1    0    0          4   0     5     0         -11   -1.554 2025-26
2025-11-19 22500262    1630702             Jaden Hardy 1610612742       DAL        Dallas     Mavericks    mavericks                             16.383333    3    9   0.333     1     6    0.167    4    5   0.800   11    1    1    0    1          0   4     1     0           9   -2.353 2025-26
2025-11-19 22500262    1630619            Moussa Cisse 1610612742       DAL        Dallas     Mavericks    mavericks                              5.316667    0    0   0.000     0     0    0.000    0    0   0.000    0    0    0    0    0          1   0     0     0          -2   -8.702 2025-26
2025-11-19 22500263    1630171             Isaac Okoro 1610612741       CHI       Chicago         Bulls        bulls        F                    25.650000    5    8   0.625     3     6    0.500    0    1   0.000   13    1    0    0    0          0   4     1     0          -9   -2.172 2025-26
2025-11-19 22500263    1641824           Matas Buzelis 1610612741       CHI       Chicago         Bulls        bulls        F                    18.666667    4    6   0.667     1     2    0.500    2    2   1.000   11    5    4    0    2          2   3     5     0           4    2.270 2025-26
2025-11-19 22500263     202696          Nikola Vučević 1610612741       CHI       Chicago         Bulls        bulls        C                    33.566667   11   19   0.579     5     9    0.556    0    0   0.000   27    8    2    1    1          3   2     7     1          -2    8.203 2025-26
2025-11-19 22500263    1628989           Kevin Huerter 1610612741       CHI       Chicago         Bulls        bulls        G                    22.650000    1    6   0.167     0     4    0.000    0    0   0.000    2    2    2    1    1          0   2     2     0         -11   -1.750 2025-26
2025-11-19 22500263    1630581             Josh Giddey 1610612741       CHI       Chicago         Bulls        bulls        G                    30.916667    3    9   0.333     2     3    0.667    1    1   1.000    9    5   13    1    1          5   3     5     0         -13    2.508 2025-26
2025-11-19 22500263    1630172        Patrick Williams 1610612741       CHI       Chicago         Bulls        bulls                             12.783333    2    7   0.286     1     2    0.500    0    1   0.000    5    5    1    0    0          1   0     4     1           2   -6.029 2025-26
2025-11-19 22500263    1631207             Dalen Terry 1610612741       CHI       Chicago         Bulls        bulls                             16.700000    3    6   0.500     0     2    0.000    0    1   0.000    6    3    5    3    1          1   1     1     2          16    5.186 2025-26
2025-11-19 22500263    1630245             Ayo Dosunmu 1610612741       CHI       Chicago         Bulls        bulls                             23.483333    5    7   0.714     2     4    0.500    2    3   0.667   14    4    1    0    1          1   4     3     1         -11    0.424 2025-26
2025-11-19 22500263    1630188             Jalen Smith 1610612741       CHI       Chicago         Bulls        bulls                             11.816667    2    6   0.333     1     4    0.250    0    0   0.000    5    1    0    1    2          0   2     0     1           4    1.191 2025-26
2025-11-19 22500263    1629632              Coby White 1610612741       CHI       Chicago         Bulls        bulls                             27.433333    9   17   0.529     5     9    0.556    2    3   0.667   25    1    7    2    0          3   2     1     0           7    7.037 2025-26
2025-11-19 22500263    1628975            Jevon Carter 1610612741       CHI       Chicago         Bulls        bulls                             10.916667    1    4   0.250     1     3    0.333    0    0   0.000    3    1    1    1    0          0   3     1     0           6   -3.087 2025-26
2025-11-19 22500263    1641763         Julian Phillips 1610612741       CHI       Chicago         Bulls        bulls                              5.416667    0    1   0.000     0     1    0.000    2    2   1.000    2    2    0    0    0          0   0     1     1          12   -6.235 2025-26
2025-11-19 22500263     203924            Jerami Grant 1610612757       POR      Portland Trail Blazers      blazers        F                    36.916667   10   18   0.556     5     9    0.556    8   10   0.800   33    9    4    0    0          3   3     5     4          10    5.720 2025-26
2025-11-19 22500263    1641739          Toumani Camara 1610612757       POR      Portland Trail Blazers      blazers        F                    37.300000    6   15   0.400     2     8    0.250    0    0   0.000   14    5    2    2    1          3   3     2     3           4    2.780 2025-26
2025-11-19 22500263    1642270         Donovan Clingan 1610612757       POR      Portland Trail Blazers      blazers        C                    33.550000    7   13   0.538     1     3    0.333    2    3   0.667   17   21    4    1    2          0   3    11    10           8   13.522 2025-26
2025-11-19 22500263    1630166             Deni Avdija 1610612757       POR      Portland Trail Blazers      blazers        G                    37.500000   11   22   0.500     3     7    0.429    7   12   0.583   32   11   11    2    1          3   2    10     1           6   12.042 2025-26
2025-11-19 22500263    1631321            Sidy Cissoko 1610612757       POR      Portland Trail Blazers      blazers        G                    22.116667    2    6   0.333     1     3    0.333    0    1   0.000    5    6    0    2    0          2   2     5     1          -5   -1.738 2025-26
2025-11-19 22500263    1631200             Kris Murray 1610612757       POR      Portland Trail Blazers      blazers                             35.016667    4   11   0.364     0     3    0.000    1    2   0.500    9    6    2    1    1          1   0     2     4           4   -0.472 2025-26
2025-11-19 22500263    1631126              Caleb Love 1610612757       POR      Portland Trail Blazers      blazers                             18.333333    1   12   0.083     0     7    0.000    3    4   0.750    5    3    2    1    0          0   1     2     1         -20   -4.882 2025-26
2025-11-19 22500263    1642905             Hansen Yang 1610612757       POR      Portland Trail Blazers      blazers                              7.933333    1    4   0.250     0     1    0.000    0    0   0.000    2    2    1    0    0          1   1     1     1          -5   -7.687 2025-26
2025-11-19 22500263    1631451           Javonte Cooke 1610612757       POR      Portland Trail Blazers      blazers                              8.716667    2    6   0.333     0     1    0.000    0    0   0.000    4    1    1    1    0          2   1     0     1          -4   -6.318 2025-26
2025-11-19 22500263    1641871              Duop Reath 1610612757       POR      Portland Trail Blazers      blazers                              2.616667    0    0   0.000     0     0    0.000    0    0   0.000    0    0    0    0    0          0   0     0     0          -3   -7.526 2025-26
Dropping columns not present in fantasy-survivor-app:nba_data.player_daily_game_stats_p: ['comment', 'jersey_num', 'plus_minus', 'position', 'team_abbr', 'team_city', 'team_id', 'team_name', 'team_slug']
Loaded 180 rows into fantasy-survivor-app.nba_data.player_daily_game_stats_p.
Dropping columns not present in fantasy-survivor-app:nba_data.player_daily_game_stats: ['comment', 'jersey_num', 'plus_minus', 'position', 'team_abbr', 'team_city', 'team_id', 'team_name', 'team_slug']
Loaded 180 rows into fantasy-survivor-app.nba_data.player_daily_game_stats.
Refreshed league_pg_stats_by_season ✅
